{
  "attribution" : {
    "url" : "https://ohsome.org/copyrights",
    "text" : "© OpenStreetMap contributors"
  },
  "apiVersion" : "1.10.4",
  "type" : "FeatureCollection",
  "features" : [{
    "type" : "Feature",
    "geometry" : {
      "type" : "LineString",
      "coordinates" : [
        [
          -38.5242689,
          -13.0085521
        ],
        [
          -38.524029,
          -13.008573
        ],
        [
          -38.5239321,
          -13.0085791
        ],
        [
          -38.5238736,
          -13.0085866
        ],
        [
          -38.5237933,
          -13.0085834
        ],
        [
          -38.523741,
          -13.0085728
        ],
        [
          -38.5236824,
          -13.0085543
        ],
        [
          -38.5236425,
          -13.0085364
        ],
        [
          -38.5236087,
          -13.0085086
        ],
        [
          -38.5235813,
          -13.0084769
        ],
        [
          -38.5235703,
          -13.0084392
        ],
        [
          -38.5235441,
          -13.0083021
        ]
      ]
    },
    "properties" : {
      "@changesetId" : 141813612,
      "@osmId" : "way/30967925",
      "@osmType" : "way",
      "@validFrom" : "2025-11-17T00:00:00Z",
      "@validTo" : "2025-11-17T00:00:01Z",
      "@version" : 31,
      "highway" : "tertiary",
      "lanes" : "2",
      "maxspeed" : "70",
      "name" : "Avenida Centenário",
      "oneway" : "yes",
      "surface" : "asphalt"
    }
  }, {
    "type" : "Feature",
    "geometry" : {
      "type" : "LineString",
      "coordinates" : [
        [
          -38.5218693,
          -13.002606
        ],
        [
          -38.5220562,
          -13.0027033
        ],
        [
          -38.5222214,
          -13.0027911
        ],
        [
          -38.5222959,
          -13.0028573
        ],
        [
          -38.5223372,
          -13.0028975
        ],
        [
          -38.5223861,
          -13.0029387
        ],
        [
          -38.5224331,
          -13.0029883
        ],
        [
          -38.5225008,
          -13.0030577
        ],
        [
          -38.5225459,
          -13.0031004
        ],
        [
          -38.5225942,
          -13.0031214
        ],
        [
          -38.5226518,
          -13.0031267
        ],
        [
          -38.5227032,
          -13.0031007
        ],
        [
          -38.5227366,
          -13.0030532
        ],
        [
          -38.5227754,
          -13.0029945
        ],
        [
          -38.5228202,
          -13.0029105
        ],
        [
          -38.5228435,
          -13.0028636
        ]
      ]
    },
    "properties" : {
      "@changesetId" : 85627871,
      "@osmId" : "way/31263342",
      "@osmType" : "way",
      "@validFrom" : "2025-11-17T00:00:00Z",
      "@validTo" : "2025-11-17T00:00:01Z",
      "@version" : 9,
      "highway" : "residential",
      "name" : "Rua Djalma Ramos",
      "oneway" : "yes"
    }
  }, {
    "type" : "Feature",
    "geometry" : {
      "type" : "LineString",
      "coordinates" : [
        [
          -38.5222882,
          -13.0031014
        ],
        [
          -38.5225054,
          -13.003249
        ],
        [
          -38.5226845,
          -13.0033738
        ],
        [
          -38.5228324,
          -13.0034912
        ]
      ]
    },
    "properties" : {
      "@changesetId" : 141705993,
      "@osmId" : "way/31263361",
      "@osmType" : "way",
      "@validFrom" : "2025-11-17T00:00:00Z",
      "@validTo" : "2025-11-17T00:00:01Z",
      "@version" : 16,
      "highway" : "tertiary",
      "lanes" : "2",
      "name" : "Avenida Centenário",
      "oneway" : "yes"
    }
  }, {
    "type" : "Feature",
    "geometry" : {
      "type" : "LineString",
      "coordinates" : [
        [
          -38.524269,
          -13.0057377
        ],
        [
          -38.5243738,
          -13.0057471
        ],
        [
          -38.5245255,
          -13.0057607
        ],
        [
          -38.5245676,
          -13.0057692
        ],
        [
          -38.5245968,
          -13.0057902
        ],
        [
          -38.5246179,
          -13.0058126
        ],
        [
          -38.5246337,
          -13.0058502
        ],
        [
          -38.5246394,
          -13.0058918
        ],
        [
          -38.5246413,
          -13.0060888
        ],
        [
          -38.5246497,
          -13.0061199
        ],
        [
          -38.5246578,
          -13.0061501
        ],
        [
          -38.5246804,
          -13.0062007
        ],
        [
          -38.5249215,
          -13.0065817
        ],
        [
          -38.524946,
          -13.0066121
        ],
        [
          -38.5249825,
          -13.0066343
        ],
        [
          -38.5250213,
          -13.0066436
        ],
        [
          -38.5252046,
          -13.0066417
        ],
        [
          -38.5252588,
          -13.0066307
        ],
        [
          -38.5253031,
          -13.0066022
        ],
        [
          -38.525329,
          -13.0065671
        ],
        [
          -38.52535,
          -13.0065129
        ],
        [
          -38.5253567,
          -13.0064627
        ],
        [
          -38.525355,
          -13.0064327
        ],
        [
          -38.5253539,
          -13.0064135
        ],
        [
          -38.5253397,
          -13.0063673
        ],
        [
          -38.5253001,
          -13.0062982
        ],
        [
          -38.5252833,
          -13.0062553
        ],
        [
          -38.5252781,
          -13.0062096
        ],
        [
          -38.525289,
          -13.0061614
        ],
        [
          -38.5253098,
          -13.0061253
        ],
        [
          -38.5253174,
          -13.0061121
        ],
        [
          -38.5253516,
          -13.0060819
        ]
      ]
    },
    "properties" : {
      "@changesetId" : 134513875,
      "@osmId" : "way/31795110",
      "@osmType" : "way",
      "@validFrom" : "2025-11-17T00:00:00Z",
      "@validTo" : "2025-11-17T00:00:01Z",
      "@version" : 22,
      "highway" : "service",
      "oneway" : "yes"
    }
  }, {
    "type" : "Feature",
    "geometry" : {
      "type" : "LineString",
      "coordinates" : [
        [
          -38.5242689,
          -13.0085521
        ],
        [
          -38.5243476,
          -13.0094193
        ],
        [
          -38.5243491,
          -13.0094799
        ],
        [
          -38.5243488,
          -13.009613
        ],
        [
          -38.524349,
          -13.0097336
        ]
      ]
    },
    "properties" : {
      "@changesetId" : 109478888,
      "@osmId" : "way/44437826",
      "@osmType" : "way",
      "@validFrom" : "2025-11-17T00:00:00Z",
      "@validTo" : "2025-11-17T00:00:01Z",
      "@version" : 11,
      "highway" : "primary",
      "lanes" : "2",
      "name" : "Rua Airosa Galvão",
      "oneway" : "yes"
    }
  }, {
    "type" : "Feature",
    "geometry" : {
      "type" : "LineString",
      "coordinates" : [
        [
          -38.5235757,
          -13.0052947
        ],
        [
          -38.5238286,
          -13.0053362
        ],
        [
          -38.5239288,
          -13.0053524
        ],
        [
          -38.524232,
          -13.0054019
        ],
        [
          -38.5242462,
          -13.0054042
        ],
        [
          -38.5250699,
          -13.0055374
        ],
        [
          -38.5253876,
          -13.0055871
        ],
        [
          -38.5255414,
          -13.0056075
        ],
        [
          -38.5257292,
          -13.0056342
        ],
        [
          -38.5258802,
          -13.0056595
        ],
        [
          -38.5259318,
          -13.0056705
        ]
      ]
    },
    "properties" : {
      "@changesetId" : 141748574,
      "@osmId" : "way/44437792",
      "@osmType" : "way",
      "@validFrom" : "2025-11-17T00:00:00Z",
      "@validTo" : "2025-11-17T00:00:01Z",
      "@version" : 18,
      "highway" : "tertiary",
      "lanes" : "2",
      "name" : "Rua Augusto Frederico Schmidt",
      "oneway" : "yes"
    }
  }, {
    "type" : "Feature",
    "geometry" : {
      "type" : "LineString",
      "coordinates" : [
        [
          -38.5259598,
          -13.0060053
        ],
        [
          -38.5258647,
          -13.0058532
        ],
        [
          -38.5258517,
          -13.0058176
        ],
        [
          -38.5258549,
          -13.0057772
        ],
        [
          -38.5258802,
          -13.0056595
        ]
      ]
    },
    "properties" : {
      "@changesetId" : 85633184,
      "@osmId" : "way/44660074",
      "@osmType" : "way",
      "@validFrom" : "2025-11-17T00:00:00Z",
      "@validTo" : "2025-11-17T00:00:01Z",
      "@version" : 7,
      "highway" : "residential",
      "name" : "Rua Belo Horizonte",
      "oneway" : "yes"
    }
  }, {
    "type" : "Feature",
    "geometry" : {
      "type" : "LineString",
      "coordinates" : [
        [
          -38.5255684,
          -13.005387
        ],
        [
          -38.5257292,
          -13.0056342
        ]
      ]
    },
    "properties" : {
      "@changesetId" : 81732443,
      "@osmId" : "way/48201481",
      "@osmType" : "way",
      "@validFrom" : "2025-11-17T00:00:00Z",
      "@validTo" : "2025-11-17T00:00:01Z",
      "@version" : 3,
      "highway" : "residential",
      "name" : "Rua Belo Horizonte",
      "oneway" : "yes"
    }
  }, {
    "type" : "Feature",
    "geometry" : {
      "type" : "LineString",
      "coordinates" : [
        [
          -38.5254001,
          -13.0083755
        ],
        [
          -38.5250418,
          -13.0084158
        ],
        [
          -38.5248028,
          -13.0084426
        ],
        [
          -38.5245131,
          -13.0084779
        ],
        [
          -38.5244052,
          -13.0084916
        ],
        [
          -38.5242689,
          -13.0085521
        ]
      ]
    },
    "properties" : {
      "@changesetId" : 109224364,
      "@osmId" : "way/44473099",
      "@osmType" : "way",
      "@validFrom" : "2025-11-17T00:00:00Z",
      "@validTo" : "2025-11-17T00:00:01Z",
      "@version" : 12,
      "highway" : "tertiary",
      "lanes" : "3",
      "name" : "Rua Miguel Burnier",
      "oneway" : "yes",
      "surface" : "asphalt"
    }
  }, {
    "type" : "Feature",
    "geometry" : {
      "type" : "LineString",
      "coordinates" : [
        [
          -38.5254072,
          -13.0084373
        ],
        [
          -38.5253938,
          -13.0091963
        ],
        [
          -38.5253935,
          -13.0092645
        ]
      ]
    },
    "properties" : {
      "@changesetId" : 133808025,
      "@osmId" : "way/44523158",
      "@osmType" : "way",
      "@validFrom" : "2025-11-17T00:00:00Z",
      "@validTo" : "2025-11-17T00:00:01Z",
      "@version" : 7,
      "highway" : "residential",
      "name" : "Rua Professor Fernando Luz",
      "oneway" : "yes",
      "surface" : "asphalt"
    }
  }, {
    "type" : "Feature",
    "geometry" : {
      "type" : "LineString",
      "coordinates" : [
        [
          -38.5248028,
          -13.0084426
        ],
        [
          -38.5249002,
          -13.0093565
        ],
        [
          -38.5249102,
          -13.0094395
        ]
      ]
    },
    "properties" : {
      "@changesetId" : 133808025,
      "@osmId" : "way/44523161",
      "@osmType" : "way",
      "@validFrom" : "2025-11-17T00:00:00Z",
      "@validTo" : "2025-11-17T00:00:01Z",
      "@version" : 6,
      "highway" : "residential",
      "name" : "Rua Leoni Ramos",
      "oneway" : "yes",
      "surface" : "asphalt"
    }
  }, {
    "type" : "Feature",
    "geometry" : {
      "type" : "LineString",
      "coordinates" : [
        [
          -38.5220319,
          -13.003451
        ],
        [
          -38.5219051,
          -13.0033679
        ],
        [
          -38.5217751,
          -13.0033153
        ],
        [
          -38.5216144,
          -13.0032434
        ],
        [
          -38.5215073,
          -13.0032215
        ],
        [
          -38.5213946,
          -13.0032071
        ],
        [
          -38.5213034,
          -13.0032065
        ]
      ]
    },
    "properties" : {
      "@changesetId" : 85578220,
      "@osmId" : "way/48828229",
      "@osmType" : "way",
      "@validFrom" : "2025-11-17T00:00:00Z",
      "@validTo" : "2025-11-17T00:00:01Z",
      "@version" : 11,
      "highway" : "residential",
      "lit" : "yes",
      "maxspeed:type" : "BR:urban",
      "name" : "Rua Juiz Rosalvo Torres",
      "oneway" : "yes",
      "source" : "Yahoo",
      "surface" : "asphalt"
    }
  }, {
    "type" : "Feature",
    "geometry" : {
      "type" : "LineString",
      "coordinates" : [
        [
          -38.521799,
          -13.0055754
        ],
        [
          -38.5221381,
          -13.0057745
        ],
        [
          -38.5222934,
          -13.005861
        ]
      ]
    },
    "properties" : {
      "@changesetId" : 133888232,
      "@osmId" : "way/44936327",
      "@osmType" : "way",
      "@validFrom" : "2025-11-17T00:00:00Z",
      "@validTo" : "2025-11-17T00:00:01Z",
      "@version" : 34,
      "highway" : "secondary",
      "lanes" : "2",
      "lit" : "yes",
      "maxspeed" : "40",
      "name" : "Rua Professor Sabino Silva",
      "oneway" : "yes",
      "surface" : "asphalt"
    }
  }, {
    "type" : "Feature",
    "geometry" : {
      "type" : "LineString",
      "coordinates" : [
        [
          -38.5226616,
          -13.0054883
        ],
        [
          -38.5222464,
          -13.0050691
        ]
      ]
    },
    "properties" : {
      "@changesetId" : 85578220,
      "@osmId" : "way/48828242",
      "@osmType" : "way",
      "@validFrom" : "2025-11-17T00:00:00Z",
      "@validTo" : "2025-11-17T00:00:01Z",
      "@version" : 5,
      "highway" : "residential",
      "name" : "Rua Ary Barroso",
      "note" : "Spelling difference: Rua Ari Barroso (IBGE) vs Rua Ary Barroso(OSM)",
      "oneway" : "yes",
      "source" : "Yahoo"
    }
  }, {
    "type" : "Feature",
    "geometry" : {
      "type" : "LineString",
      "coordinates" : [
        [
          -38.521116,
          -13.0031211
        ],
        [
          -38.5211979,
          -13.0030472
        ]
      ]
    },
    "properties" : {
      "@changesetId" : 86157392,
      "@osmId" : "way/48828679",
      "@osmType" : "way",
      "@validFrom" : "2025-11-17T00:00:00Z",
      "@validTo" : "2025-11-17T00:00:01Z",
      "@version" : 11,
      "highway" : "residential",
      "name" : "Rua Desembargador Baldoino Andrade",
      "oneway" : "yes",
      "source" : "Yahoo"
    }
  }, {
    "type" : "Feature",
    "geometry" : {
      "type" : "LineString",
      "coordinates" : [
        [
          -38.5218898,
          -13.0059708
        ],
        [
          -38.5221914,
          -13.0059656
        ]
      ]
    },
    "properties" : {
      "@changesetId" : 133888232,
      "@osmId" : "way/45744093",
      "@osmType" : "way",
      "@validFrom" : "2025-11-17T00:00:00Z",
      "@validTo" : "2025-11-17T00:00:01Z",
      "@version" : 24,
      "highway" : "tertiary",
      "lanes" : "2",
      "name" : "Rua José Sátiro de Oliveira",
      "oneway" : "no",
      "source" : "Bing",
      "source:date" : "2012-07-24",
      "surface" : "asphalt"
    }
  }, {
    "type" : "Feature",
    "geometry" : {
      "type" : "LineString",
      "coordinates" : [
        [
          -38.5235374,
          -13.003311
        ],
        [
          -38.5235041,
          -13.004179
        ],
        [
          -38.523469,
          -13.0045943
        ]
      ]
    },
    "properties" : {
      "@changesetId" : 133917772,
      "@osmId" : "way/48846316",
      "@osmType" : "way",
      "@validFrom" : "2025-11-17T00:00:00Z",
      "@validTo" : "2025-11-17T00:00:01Z",
      "@version" : 17,
      "cycleway:left" : "lane",
      "foot" : "yes",
      "highway" : "tertiary",
      "lanes" : "1",
      "name" : "Rua Manoel Barreto",
      "oneway" : "yes",
      "oneway:bicycle" : "no"
    }
  }, {
    "type" : "Feature",
    "geometry" : {
      "type" : "LineString",
      "coordinates" : [
        [
          -38.523046,
          -13.0079507
        ],
        [
          -38.5233101,
          -13.0078493
        ]
      ]
    },
    "properties" : {
      "@changesetId" : 141622681,
      "@osmId" : "way/48827136",
      "@osmType" : "way",
      "@validFrom" : "2025-11-17T00:00:00Z",
      "@validTo" : "2025-11-17T00:00:01Z",
      "@version" : 8,
      "highway" : "residential",
      "name" : "Rua Doutor Deraldo Dias de Morais",
      "source" : "Yahoo"
    }
  }, {
    "type" : "Feature",
    "geometry" : {
      "type" : "LineString",
      "coordinates" : [
        [
          -38.5221013,
          -13.0023852
        ],
        [
          -38.5220971,
          -13.002384
        ],
        [
          -38.522022,
          -13.0023599
        ],
        [
          -38.5219845,
          -13.0023361
        ]
      ]
    },
    "properties" : {
      "@changesetId" : 86151417,
      "@osmId" : "way/48846366",
      "@osmType" : "way",
      "@validFrom" : "2025-11-17T00:00:00Z",
      "@validTo" : "2025-11-17T00:00:01Z",
      "@version" : 12,
      "alt_name" : "Rua Martagao Gesteira",
      "highway" : "residential",
      "name" : "Rua Professor Martagão Gesteira"
    }
  }, {
    "type" : "Feature",
    "geometry" : {
      "type" : "LineString",
      "coordinates" : [
        [
          -38.5228807,
          -13.0028877
        ],
        [
          -38.522876,
          -13.0031035
        ],
        [
          -38.5228324,
          -13.0034912
        ]
      ]
    },
    "properties" : {
      "@changesetId" : 167129898,
      "@osmId" : "way/48846367",
      "@osmType" : "way",
      "@validFrom" : "2025-11-17T00:00:00Z",
      "@validTo" : "2025-11-17T00:00:01Z",
      "@version" : 5,
      "highway" : "residential",
      "name" : "Rua Djalma Ramos",
      "oneway" : "yes"
    }
  }, {
    "type" : "Feature",
    "geometry" : {
      "type" : "LineString",
      "coordinates" : [
        [
          -38.5235278,
          -13.0051549
        ],
        [
          -38.5235021,
          -13.0056765
        ],
        [
          -38.5231749,
          -13.0056637
        ],
        [
          -38.5231413,
          -13.0056624
        ]
      ]
    },
    "properties" : {
      "@changesetId" : 134920430,
      "@osmId" : "way/95893909",
      "@osmType" : "way",
      "@validFrom" : "2025-11-17T00:00:00Z",
      "@validTo" : "2025-11-17T00:00:01Z",
      "@version" : 7,
      "bicycle" : "yes",
      "bridge" : "viaduct",
      "highway" : "footway",
      "layer" : "5"
    }
  }, {
    "type" : "Feature",
    "geometry" : {
      "type" : "LineString",
      "coordinates" : [
        [
          -38.5231335,
          -13.0051725
        ],
        [
          -38.5231413,
          -13.0056624
        ]
      ]
    },
    "properties" : {
      "@changesetId" : 39296528,
      "@osmId" : "way/106283035",
      "@osmType" : "way",
      "@validFrom" : "2025-11-17T00:00:00Z",
      "@validTo" : "2025-11-17T00:00:01Z",
      "@version" : 3,
      "bicycle" : "yes",
      "bridge" : "viaduct",
      "highway" : "footway",
      "layer" : "5"
    }
  }, {
    "type" : "Feature",
    "geometry" : {
      "type" : "LineString",
      "coordinates" : [
        [
          -38.5253516,
          -13.0060819
        ],
        [
          -38.5253818,
          -13.0060696
        ],
        [
          -38.5254046,
          -13.0060603
        ],
        [
          -38.5254645,
          -13.0060526
        ],
        [
          -38.5254914,
          -13.0060578
        ],
        [
          -38.5255183,
          -13.0060629
        ],
        [
          -38.525559,
          -13.0060883
        ],
        [
          -38.5255974,
          -13.0061302
        ],
        [
          -38.5256846,
          -13.006265
        ],
        [
          -38.5257896,
          -13.0064359
        ],
        [
          -38.5258101,
          -13.0064779
        ],
        [
          -38.5258178,
          -13.0065253
        ],
        [
          -38.52582,
          -13.0065596
        ],
        [
          -38.5258208,
          -13.0065716
        ],
        [
          -38.5258103,
          -13.0066172
        ],
        [
          -38.525779,
          -13.006688
        ],
        [
          -38.5257476,
          -13.0067588
        ],
        [
          -38.5257294,
          -13.0067998
        ]
      ]
    },
    "properties" : {
      "@changesetId" : 156121849,
      "@osmId" : "way/72138783",
      "@osmType" : "way",
      "@validFrom" : "2025-11-17T00:00:00Z",
      "@validTo" : "2025-11-17T00:00:01Z",
      "@version" : 23,
      "description" : "Shopping Barra",
      "highway" : "service",
      "maxspeed" : "20",
      "name" : "Rua Cardeal Enrico Dante",
      "source" : "Bing",
      "surface" : "paved",
      "width" : "6"
    }
  }, {
    "type" : "Feature",
    "geometry" : {
      "type" : "LineString",
      "coordinates" : [
        [
          -38.5238053,
          -13.0082597
        ],
        [
          -38.5238214,
          -13.0083258
        ],
        [
          -38.5238188,
          -13.0083708
        ],
        [
          -38.5238022,
          -13.0084057
        ],
        [
          -38.5237809,
          -13.0084283
        ],
        [
          -38.5237258,
          -13.0084344
        ],
        [
          -38.523677,
          -13.0084244
        ],
        [
          -38.5236441,
          -13.0084052
        ],
        [
          -38.5235441,
          -13.0083021
        ]
      ]
    },
    "properties" : {
      "@changesetId" : 141629236,
      "@osmId" : "way/126982581",
      "@osmType" : "way",
      "@validFrom" : "2025-11-17T00:00:00Z",
      "@validTo" : "2025-11-17T00:00:01Z",
      "@version" : 13,
      "highway" : "primary_link",
      "lanes" : "2",
      "oneway" : "yes"
    }
  }, {
    "type" : "Feature",
    "geometry" : {
      "type" : "LineString",
      "coordinates" : [
        [
          -38.5245131,
          -13.0084779
        ],
        [
          -38.5244647,
          -13.008426
        ],
        [
          -38.5244392,
          -13.0083762
        ],
        [
          -38.5244307,
          -13.0083234
        ],
        [
          -38.5244211,
          -13.0082529
        ],
        [
          -38.5244179,
          -13.008206
        ],
        [
          -38.5243922,
          -13.0079654
        ],
        [
          -38.5243918,
          -13.0078327
        ]
      ]
    },
    "properties" : {
      "@changesetId" : 133644624,
      "@osmId" : "way/132703879",
      "@osmType" : "way",
      "@validFrom" : "2025-11-17T00:00:00Z",
      "@validTo" : "2025-11-17T00:00:01Z",
      "@version" : 8,
      "access" : "yes",
      "highway" : "service",
      "maxspeed" : "20",
      "name" : "Rua Airosa Galvão",
      "oneway" : "yes",
      "surface" : "paved",
      "width" : "6"
    }
  }, {
    "type" : "Feature",
    "geometry" : {
      "type" : "LineString",
      "coordinates" : [
        [
          -38.5256293,
          -13.0069992
        ],
        [
          -38.5255692,
          -13.0071206
        ],
        [
          -38.5255321,
          -13.0071602
        ],
        [
          -38.5254887,
          -13.0071804
        ],
        [
          -38.5254322,
          -13.0071884
        ],
        [
          -38.525126,
          -13.0071873
        ],
        [
          -38.5250683,
          -13.0071928
        ],
        [
          -38.5250166,
          -13.0072194
        ],
        [
          -38.5249681,
          -13.0072644
        ],
        [
          -38.5249443,
          -13.0073028
        ],
        [
          -38.5249331,
          -13.0073515
        ],
        [
          -38.524932,
          -13.0076876
        ],
        [
          -38.524931,
          -13.0077373
        ],
        [
          -38.5249141,
          -13.0077893
        ],
        [
          -38.5248822,
          -13.0078278
        ],
        [
          -38.5248311,
          -13.0078577
        ],
        [
          -38.5247724,
          -13.0078649
        ],
        [
          -38.5245057,
          -13.0078643
        ],
        [
          -38.5244635,
          -13.0078619
        ],
        [
          -38.5244232,
          -13.0078505
        ],
        [
          -38.5243918,
          -13.0078327
        ]
      ]
    },
    "properties" : {
      "@changesetId" : 156121849,
      "@osmId" : "way/171560249",
      "@osmType" : "way",
      "@validFrom" : "2025-11-17T00:00:00Z",
      "@validTo" : "2025-11-17T00:00:01Z",
      "@version" : 21,
      "description" : "Shopping Barra",
      "highway" : "service",
      "maxspeed" : "20",
      "name" : "Rua Cardeal Enrico Dante",
      "oneway" : "yes",
      "source" : "Bing",
      "surface" : "paved",
      "width" : "6"
    }
  }, {
    "type" : "Feature",
    "geometry" : {
      "type" : "LineString",
      "coordinates" : [
        [
          -38.5243247,
          -13.0083908
        ],
        [
          -38.5243621,
          -13.0082033
        ],
        [
          -38.5243922,
          -13.0079654
        ]
      ]
    },
    "properties" : {
      "@changesetId" : 133644624,
      "@osmId" : "way/171560259",
      "@osmType" : "way",
      "@validFrom" : "2025-11-17T00:00:00Z",
      "@validTo" : "2025-11-17T00:00:01Z",
      "@version" : 6,
      "highway" : "service",
      "name" : "Rua Airosa Galvão",
      "oneway" : "yes",
      "source" : "Bing",
      "surface" : "paved"
    }
  }, {
    "type" : "Feature",
    "geometry" : {
      "type" : "LineString",
      "coordinates" : [
        [
          -38.5236571,
          -13.0101826
        ],
        [
          -38.5237327,
          -13.0101585
        ],
        [
          -38.5238492,
          -13.010111
        ],
        [
          -38.5243424,
          -13.0098181
        ],
        [
          -38.524349,
          -13.0097336
        ]
      ]
    },
    "properties" : {
      "@changesetId" : 133807975,
      "@osmId" : "way/385424315",
      "@osmType" : "way",
      "@validFrom" : "2025-11-17T00:00:00Z",
      "@validTo" : "2025-11-17T00:00:01Z",
      "@version" : 15,
      "highway" : "cycleway",
      "oneway" : "no",
      "surface" : "concrete",
      "width" : "2.5"
    }
  }, {
    "type" : "Feature",
    "geometry" : {
      "type" : "LineString",
      "coordinates" : [
        [
          -38.5241817,
          -13.0037263
        ],
        [
          -38.5241946,
          -13.004297
        ]
      ]
    },
    "properties" : {
      "@changesetId" : 85627871,
      "@osmId" : "way/136035856",
      "@osmType" : "way",
      "@validFrom" : "2025-11-17T00:00:00Z",
      "@validTo" : "2025-11-17T00:00:01Z",
      "@version" : 4,
      "highway" : "service",
      "name" : "Avenida Princesa Leopoldina",
      "service" : "parking_aisle"
    }
  }, {
    "type" : "Feature",
    "geometry" : {
      "type" : "LineString",
      "coordinates" : [
        [
          -38.523332,
          -13.004237
        ],
        [
          -38.5235041,
          -13.004179
        ]
      ]
    },
    "properties" : {
      "@changesetId" : 133917772,
      "@osmId" : "way/136035857",
      "@osmType" : "way",
      "@validFrom" : "2025-11-17T00:00:00Z",
      "@validTo" : "2025-11-17T00:00:01Z",
      "@version" : 9,
      "highway" : "tertiary_link",
      "lanes" : "1",
      "oneway" : "yes",
      "source" : "Bing"
    }
  }, {
    "type" : "Feature",
    "geometry" : {
      "type" : "MultiLineString",
      "coordinates" : [
        [
          [
            -38.523272,
            -13.004762
          ],
          [
            -38.5233056,
            -13.0048683
          ],
          [
            -38.523313,
            -13.0049937
          ],
          [
            -38.523322,
            -13.005134
          ],
          [
            -38.5233223,
            -13.0052967
          ],
          [
            -38.5233111,
            -13.0054562
          ],
          [
            -38.5233054,
            -13.0055354
          ],
          [
            -38.5232935,
            -13.0056004
          ],
          [
            -38.5232868,
            -13.0056868
          ],
          [
            -38.5232858,
            -13.0057671
          ],
          [
            -38.5232859,
            -13.0058539
          ],
          [
            -38.5232783,
            -13.0059198
          ],
          [
            -38.523253,
            -13.0060098
          ],
          [
            -38.523217,
            -13.0060934
          ],
          [
            -38.5231795,
            -13.0061816
          ],
          [
            -38.5231575,
            -13.0062721
          ],
          [
            -38.5231415,
            -13.006361
          ],
          [
            -38.5231318,
            -13.0064426
          ],
          [
            -38.5231347,
            -13.0065191
          ],
          [
            -38.5231465,
            -13.0065961
          ],
          [
            -38.5231626,
            -13.0066911
          ],
          [
            -38.5231879,
            -13.0068376
          ],
          [
            -38.5232224,
            -13.0070642
          ],
          [
            -38.5232601,
            -13.0072703
          ],
          [
            -38.5232783,
            -13.0073883
          ],
          [
            -38.5232855,
            -13.0074704
          ],
          [
            -38.5233003,
            -13.007539
          ],
          [
            -38.5233358,
            -13.0076139
          ],
          [
            -38.5233713,
            -13.0076904
          ],
          [
            -38.5234059,
            -13.0077802
          ],
          [
            -38.5234448,
            -13.0078715
          ],
          [
            -38.5235221,
            -13.0080109
          ],
          [
            -38.5235743,
            -13.0081026
          ]
        ],
        [
          [
            -38.5235743,
            -13.0081026
          ],
          [
            -38.5236018,
            -13.0081276
          ],
          [
            -38.523636,
            -13.0081551
          ],
          [
            -38.5236615,
            -13.0081838
          ],
          [
            -38.5236738,
            -13.0082061
          ],
          [
            -38.5236758,
            -13.0082282
          ],
          [
            -38.5236702,
            -13.0082458
          ],
          [
            -38.5236576,
            -13.0082556
          ],
          [
            -38.5236395,
            -13.0082561
          ],
          [
            -38.5236239,
            -13.008248
          ],
          [
            -38.523599,
            -13.0082151
          ],
          [
            -38.5235877,
            -13.0081864
          ],
          [
            -38.523583,
            -13.0081649
          ],
          [
            -38.5235743,
            -13.0081026
          ]
        ]
      ]
    },
    "properties" : {
      "@changesetId" : 134920863,
      "@osmId" : "way/385903131",
      "@osmType" : "way",
      "@validFrom" : "2025-11-17T00:00:00Z",
      "@validTo" : "2025-11-17T00:00:01Z",
      "@version" : 6,
      "bicycle" : "yes",
      "foot" : "designated",
      "highway" : "cycleway",
      "oneway" : "no",
      "surface" : "paving_stones"
    }
  }, {
    "type" : "Feature",
    "geometry" : {
      "type" : "LineString",
      "coordinates" : [
        [
          -38.5244052,
          -13.0084916
        ],
        [
          -38.5243919,
          -13.0083801
        ]
      ]
    },
    "properties" : {
      "@changesetId" : 39296528,
      "@osmId" : "way/396220330",
      "@osmType" : "way",
      "@validFrom" : "2025-11-17T00:00:00Z",
      "@validTo" : "2025-11-17T00:00:01Z",
      "@version" : 3,
      "bicycle" : "yes",
      "footway" : "crossing",
      "highway" : "footway"
    }
  }, {
    "type" : "Feature",
    "geometry" : {
      "type" : "LineString",
      "coordinates" : [
        [
          -38.5243919,
          -13.0083801
        ],
        [
          -38.5244392,
          -13.0083762
        ]
      ]
    },
    "properties" : {
      "@changesetId" : 85578220,
      "@osmId" : "way/396220331",
      "@osmType" : "way",
      "@validFrom" : "2025-11-17T00:00:00Z",
      "@validTo" : "2025-11-17T00:00:01Z",
      "@version" : 3,
      "bicycle" : "yes",
      "highway" : "footway"
    }
  }, {
    "type" : "Feature",
    "geometry" : {
      "type" : "LineString",
      "coordinates" : [
        [
          -38.5243247,
          -13.0083908
        ],
        [
          -38.524318,
          -13.0083488
        ],
        [
          -38.5243069,
          -13.0083243
        ],
        [
          -38.5242888,
          -13.0082858
        ],
        [
          -38.5242434,
          -13.0082635
        ],
        [
          -38.5241842,
          -13.0082641
        ],
        [
          -38.5241356,
          -13.0082863
        ],
        [
          -38.5240952,
          -13.0082836
        ],
        [
          -38.5240484,
          -13.0082741
        ],
        [
          -38.5239978,
          -13.0082533
        ],
        [
          -38.5239357,
          -13.0081984
        ],
        [
          -38.5238802,
          -13.0081321
        ],
        [
          -38.5237889,
          -13.0080224
        ],
        [
          -38.5237164,
          -13.007907
        ],
        [
          -38.523604,
          -13.0076847
        ],
        [
          -38.5235623,
          -13.007554
        ],
        [
          -38.523518,
          -13.0074103
        ],
        [
          -38.5234778,
          -13.0072182
        ],
        [
          -38.5234523,
          -13.0070745
        ],
        [
          -38.5234281,
          -13.0069464
        ],
        [
          -38.5234161,
          -13.0067987
        ],
        [
          -38.5234188,
          -13.0067164
        ],
        [
          -38.5234362,
          -13.0066406
        ],
        [
          -38.5234617,
          -13.0065727
        ],
        [
          -38.5235059,
          -13.0065008
        ],
        [
          -38.5235301,
          -13.0064551
        ],
        [
          -38.5235381,
          -13.0064106
        ],
        [
          -38.5234939,
          -13.0063714
        ],
        [
          -38.5234483,
          -13.0063453
        ],
        [
          -38.5234013,
          -13.006344
        ],
        [
          -38.5233638,
          -13.0063662
        ],
        [
          -38.5232719,
          -13.0065151
        ]
      ]
    },
    "properties" : {
      "@changesetId" : 141629236,
      "@osmId" : "way/396220332",
      "@osmType" : "way",
      "@validFrom" : "2025-11-17T00:00:00Z",
      "@validTo" : "2025-11-17T00:00:01Z",
      "@version" : 8,
      "highway" : "service",
      "name" : "Rua Fernão de Magalhães",
      "oneway" : "yes",
      "source" : "Bing",
      "surface" : "paved"
    }
  }, {
    "type" : "Feature",
    "geometry" : {
      "type" : "LineString",
      "coordinates" : [
        [
          -38.5236702,
          -13.0082458
        ],
        [
          -38.5237595,
          -13.0083515
        ],
        [
          -38.5238022,
          -13.0084057
        ]
      ]
    },
    "properties" : {
      "@changesetId" : 165211362,
      "@osmId" : "way/396220334",
      "@osmType" : "way",
      "@validFrom" : "2025-11-17T00:00:00Z",
      "@validTo" : "2025-11-17T00:00:01Z",
      "@version" : 4,
      "bicycle" : "yes",
      "highway" : "footway"
    }
  }, {
    "type" : "Feature",
    "geometry" : {
      "type" : "LineString",
      "coordinates" : [
        [
          -38.5238736,
          -13.0085866
        ],
        [
          -38.5238022,
          -13.0084057
        ]
      ]
    },
    "properties" : {
      "@changesetId" : 85578220,
      "@osmId" : "way/396220336",
      "@osmType" : "way",
      "@validFrom" : "2025-11-17T00:00:00Z",
      "@validTo" : "2025-11-17T00:00:01Z",
      "@version" : 4,
      "bicycle" : "yes",
      "highway" : "footway"
    }
  }, {
    "type" : "Feature",
    "geometry" : {
      "type" : "LineString",
      "coordinates" : [
        [
          -38.5245848,
          -13.0096994
        ],
        [
          -38.5245777,
          -13.0096853
        ],
        [
          -38.5245481,
          -13.00962
        ]
      ]
    },
    "properties" : {
      "@changesetId" : 133808007,
      "@osmId" : "way/396220337",
      "@osmType" : "way",
      "@validFrom" : "2025-11-17T00:00:00Z",
      "@validTo" : "2025-11-17T00:00:01Z",
      "@version" : 6,
      "bicycle" : "yes",
      "footway" : "crossing",
      "highway" : "footway",
      "surface" : "dirt"
    }
  }, {
    "type" : "Feature",
    "geometry" : {
      "type" : "LineString",
      "coordinates" : [
        [
          -38.524349,
          -13.0097336
        ],
        [
          -38.5245481,
          -13.00962
        ],
        [
          -38.5247413,
          -13.0095186
        ],
        [
          -38.5249102,
          -13.0094395
        ],
        [
          -38.5252029,
          -13.009326
        ],
        [
          -38.5253935,
          -13.0092645
        ]
      ]
    },
    "properties" : {
      "@changesetId" : 109224364,
      "@osmId" : "way/396220340",
      "@osmType" : "way",
      "@validFrom" : "2025-11-17T00:00:00Z",
      "@validTo" : "2025-11-17T00:00:01Z",
      "@version" : 7,
      "bicycle" : "yes",
      "cycleway:left" : "lane",
      "highway" : "tertiary",
      "lanes" : "3",
      "lanes:forward" : "2",
      "maxspeed" : "60",
      "name" : "Avenida Oceânica",
      "oneway" : "no",
      "oneway:bicycle" : "no",
      "surface" : "asphalt"
    }
  }, {
    "type" : "Feature",
    "geometry" : {
      "type" : "LineString",
      "coordinates" : [
        [
          -38.5232719,
          -13.0065151
        ],
        [
          -38.5232565,
          -13.0066341
        ],
        [
          -38.5232605,
          -13.0067687
        ],
        [
          -38.523313,
          -13.0070464
        ],
        [
          -38.5233458,
          -13.0072513
        ],
        [
          -38.5233732,
          -13.0074003
        ],
        [
          -38.5234094,
          -13.0075181
        ],
        [
          -38.5234496,
          -13.0076442
        ],
        [
          -38.5235113,
          -13.0078029
        ],
        [
          -38.5236219,
          -13.0080081
        ],
        [
          -38.5236823,
          -13.008093
        ],
        [
          -38.5238053,
          -13.0082597
        ]
      ]
    },
    "properties" : {
      "@changesetId" : 141705993,
      "@osmId" : "way/396220342",
      "@osmType" : "way",
      "@validFrom" : "2025-11-17T00:00:00Z",
      "@validTo" : "2025-11-17T00:00:01Z",
      "@version" : 11,
      "highway" : "primary",
      "lanes" : "3",
      "maxspeed" : "70",
      "name" : "Avenida Centenário",
      "oneway" : "yes",
      "surface" : "asphalt",
      "width" : "6"
    }
  }, {
    "type" : "Feature",
    "geometry" : {
      "type" : "LineString",
      "coordinates" : [
        [
          -38.5235141,
          -13.0047371
        ],
        [
          -38.5237533,
          -13.0046771
        ],
        [
          -38.5238641,
          -13.004657
        ],
        [
          -38.5240649,
          -13.0046368
        ],
        [
          -38.5241171,
          -13.004622
        ],
        [
          -38.5241607,
          -13.004585
        ],
        [
          -38.5241775,
          -13.0045396
        ],
        [
          -38.5241742,
          -13.0044836
        ],
        [
          -38.5240981,
          -13.0043432
        ],
        [
          -38.5240708,
          -13.0042603
        ],
        [
          -38.5240572,
          -13.0041757
        ],
        [
          -38.5240484,
          -13.0040383
        ],
        [
          -38.5240672,
          -13.003909
        ],
        [
          -38.5240947,
          -13.0038136
        ],
        [
          -38.5241458,
          -13.0037032
        ]
      ]
    },
    "properties" : {
      "@changesetId" : 133917772,
      "@osmId" : "way/136035858",
      "@osmType" : "way",
      "@validFrom" : "2025-11-17T00:00:00Z",
      "@validTo" : "2025-11-17T00:00:01Z",
      "@version" : 10,
      "highway" : "tertiary",
      "incline" : "10%",
      "lanes" : "2",
      "name" : "Rua Doutor José Serafim",
      "oneway" : "yes"
    }
  }, {
    "type" : "Feature",
    "geometry" : {
      "type" : "LineString",
      "coordinates" : [
        [
          -38.5230671,
          -13.0049365
        ],
        [
          -38.5228867,
          -13.0047314
        ],
        [
          -38.5220802,
          -13.0039019
        ],
        [
          -38.521904,
          -13.0037509
        ],
        [
          -38.5218108,
          -13.0036907
        ],
        [
          -38.5217008,
          -13.0036261
        ],
        [
          -38.52157,
          -13.0035692
        ],
        [
          -38.5215547,
          -13.0035659
        ]
      ]
    },
    "properties" : {
      "@changesetId" : 109736585,
      "@osmId" : "way/136050264",
      "@osmType" : "way",
      "@validFrom" : "2025-11-17T00:00:00Z",
      "@validTo" : "2025-11-17T00:00:01Z",
      "@version" : 6,
      "highway" : "residential",
      "name" : "Rua Plínio Moscoso",
      "oneway" : "yes",
      "source" : "Yahoo"
    }
  }, {
    "type" : "Feature",
    "geometry" : {
      "type" : "LineString",
      "coordinates" : [
        [
          -38.5253876,
          -13.0055871
        ],
        [
          -38.5253722,
          -13.0056431
        ],
        [
          -38.5253591,
          -13.0056793
        ],
        [
          -38.5253352,
          -13.0057076
        ],
        [
          -38.5252869,
          -13.005757
        ],
        [
          -38.5252714,
          -13.0057914
        ],
        [
          -38.525262,
          -13.0058269
        ],
        [
          -38.5252585,
          -13.0058602
        ],
        [
          -38.5252549,
          -13.0058954
        ],
        [
          -38.5252576,
          -13.0059398
        ],
        [
          -38.5252739,
          -13.0059823
        ],
        [
          -38.5253035,
          -13.0060209
        ],
        [
          -38.5253142,
          -13.0060345
        ],
        [
          -38.5253516,
          -13.0060819
        ]
      ]
    },
    "properties" : {
      "@changesetId" : 135229464,
      "@osmId" : "way/171560245",
      "@osmType" : "way",
      "@validFrom" : "2025-11-17T00:00:00Z",
      "@validTo" : "2025-11-17T00:00:01Z",
      "@version" : 14,
      "description" : "Shopping Barra",
      "highway" : "service",
      "maxspeed" : "20",
      "oneway" : "yes",
      "source" : "knowledge",
      "surface" : "paved",
      "width" : "6"
    }
  }, {
    "type" : "Feature",
    "geometry" : {
      "type" : "LineString",
      "coordinates" : [
        [
          -38.5253516,
          -13.0060819
        ],
        [
          -38.5254344,
          -13.0061184
        ],
        [
          -38.5254643,
          -13.0061275
        ],
        [
          -38.5254823,
          -13.0061329
        ],
        [
          -38.5255132,
          -13.0061505
        ],
        [
          -38.5255391,
          -13.006185
        ]
      ]
    },
    "properties" : {
      "@changesetId" : 132980731,
      "@osmId" : "way/171560246",
      "@osmType" : "way",
      "@validFrom" : "2025-11-17T00:00:00Z",
      "@validTo" : "2025-11-17T00:00:01Z",
      "@version" : 4,
      "highway" : "service",
      "maxspeed" : "20",
      "oneway" : "yes",
      "service" : "parking_aisle",
      "source" : "knowledge",
      "surface" : "paved"
    }
  }, {
    "type" : "Feature",
    "geometry" : {
      "type" : "LineString",
      "coordinates" : [
        [
          -38.525394,
          -13.0062227
        ],
        [
          -38.5253738,
          -13.0061816
        ],
        [
          -38.5253688,
          -13.0061621
        ],
        [
          -38.5253653,
          -13.0061484
        ],
        [
          -38.5253516,
          -13.0060819
        ]
      ]
    },
    "properties" : {
      "@changesetId" : 132980731,
      "@osmId" : "way/171560247",
      "@osmType" : "way",
      "@validFrom" : "2025-11-17T00:00:00Z",
      "@validTo" : "2025-11-17T00:00:01Z",
      "@version" : 4,
      "highway" : "service",
      "maxspeed" : "20",
      "oneway" : "yes",
      "service" : "parking_aisle",
      "source" : "knowledge",
      "surface" : "paved"
    }
  }, {
    "type" : "Feature",
    "geometry" : {
      "type" : "LineString",
      "coordinates" : [
        [
          -38.5257294,
          -13.0067998
        ],
        [
          -38.5254955,
          -13.0068036
        ]
      ]
    },
    "properties" : {
      "@changesetId" : 133644624,
      "@osmId" : "way/171560250",
      "@osmType" : "way",
      "@validFrom" : "2025-11-17T00:00:00Z",
      "@validTo" : "2025-11-17T00:00:01Z",
      "@version" : 7,
      "description" : "Shopping Barra",
      "highway" : "service",
      "maxspeed" : "20",
      "oneway" : "yes",
      "service" : "parking_aisle",
      "source" : "Bing",
      "surface" : "paved",
      "width" : "6"
    }
  }, {
    "type" : "Feature",
    "geometry" : {
      "type" : "LineString",
      "coordinates" : [
        [
          -38.5254961,
          -13.0070009
        ],
        [
          -38.5256293,
          -13.0069992
        ]
      ]
    },
    "properties" : {
      "@changesetId" : 134513875,
      "@osmId" : "way/171560251",
      "@osmType" : "way",
      "@validFrom" : "2025-11-17T00:00:00Z",
      "@validTo" : "2025-11-17T00:00:01Z",
      "@version" : 4,
      "highway" : "service",
      "maxspeed" : "20",
      "oneway" : "yes",
      "service" : "parking_aisle",
      "source" : "Bing",
      "surface" : "paved",
      "width" : "6"
    }
  }, {
    "type" : "Feature",
    "geometry" : {
      "type" : "LineString",
      "coordinates" : [
        [
          -38.5253516,
          -13.0060819
        ],
        [
          -38.525347,
          -13.0060394
        ],
        [
          -38.5253403,
          -13.0059764
        ],
        [
          -38.5253374,
          -13.0059493
        ],
        [
          -38.5253317,
          -13.0059003
        ],
        [
          -38.5253331,
          -13.0058572
        ],
        [
          -38.5253456,
          -13.0058117
        ],
        [
          -38.5253741,
          -13.0057736
        ],
        [
          -38.5254173,
          -13.0057279
        ],
        [
          -38.5255414,
          -13.0056075
        ]
      ]
    },
    "properties" : {
      "@changesetId" : 135168099,
      "@osmId" : "way/171560252",
      "@osmType" : "way",
      "@validFrom" : "2025-11-17T00:00:00Z",
      "@validTo" : "2025-11-17T00:00:01Z",
      "@version" : 12,
      "description" : "Shopping Barra",
      "highway" : "service",
      "maxspeed" : "20",
      "oneway" : "yes",
      "source" : "knowledge",
      "surface" : "paved",
      "width" : "6"
    }
  }, {
    "type" : "Feature",
    "geometry" : {
      "type" : "LineString",
      "coordinates" : [
        [
          -38.5238352,
          -13.0100278
        ],
        [
          -38.5235619,
          -13.0085666
        ],
        [
          -38.5235567,
          -13.0084635
        ],
        [
          -38.5235441,
          -13.0083021
        ]
      ]
    },
    "properties" : {
      "@changesetId" : 165211362,
      "@osmId" : "way/399684422",
      "@osmType" : "way",
      "@validFrom" : "2025-11-17T00:00:00Z",
      "@validTo" : "2025-11-17T00:00:01Z",
      "@version" : 8,
      "highway" : "primary",
      "lanes" : "2",
      "name" : "Rua Arthur Neiva",
      "note" : "There is a difference between IBGE data (Rua Doutor Artur Neiva) and OSM data (Rua Arthur Neiva)",
      "oneway" : "yes",
      "surface" : "asphalt"
    }
  }, {
    "type" : "Feature",
    "geometry" : {
      "type" : "LineString",
      "coordinates" : [
        [
          -38.5256896,
          -13.0066653
        ],
        [
          -38.5256068,
          -13.0065426
        ],
        [
          -38.525505,
          -13.006398
        ],
        [
          -38.5254627,
          -13.0063312
        ],
        [
          -38.5254449,
          -13.006303
        ],
        [
          -38.525394,
          -13.0062227
        ]
      ]
    },
    "properties" : {
      "@changesetId" : 132980731,
      "@osmId" : "way/171560253",
      "@osmType" : "way",
      "@validFrom" : "2025-11-17T00:00:00Z",
      "@validTo" : "2025-11-17T00:00:01Z",
      "@version" : 4,
      "description" : "Shopping Barra",
      "highway" : "service",
      "maxspeed" : "20",
      "oneway" : "yes",
      "service" : "parking_aisle",
      "source" : "knowledge",
      "surface" : "paved"
    }
  }, {
    "type" : "Feature",
    "geometry" : {
      "type" : "LineString",
      "coordinates" : [
        [
          -38.5238492,
          -13.010111
        ],
        [
          -38.5238352,
          -13.0100278
        ]
      ]
    },
    "properties" : {
      "@changesetId" : 133808007,
      "@osmId" : "way/415830058",
      "@osmType" : "way",
      "@validFrom" : "2025-11-17T00:00:00Z",
      "@validTo" : "2025-11-17T00:00:01Z",
      "@version" : 5,
      "bicycle" : "yes",
      "highway" : "footway",
      "surface" : "concrete"
    }
  }, {
    "type" : "Feature",
    "geometry" : {
      "type" : "LineString",
      "coordinates" : [
        [
          -38.5235381,
          -13.0064106
        ],
        [
          -38.523539,
          -13.0063304
        ],
        [
          -38.5235395,
          -13.0062865
        ],
        [
          -38.5235451,
          -13.0061038
        ],
        [
          -38.5235465,
          -13.0060583
        ],
        [
          -38.5235475,
          -13.0060239
        ],
        [
          -38.5235515,
          -13.0059932
        ],
        [
          -38.5235649,
          -13.0058912
        ],
        [
          -38.5235862,
          -13.0058595
        ],
        [
          -38.5236172,
          -13.0058135
        ],
        [
          -38.5236372,
          -13.005793
        ],
        [
          -38.5236487,
          -13.0057812
        ],
        [
          -38.5236561,
          -13.0057736
        ],
        [
          -38.5236799,
          -13.0057573
        ],
        [
          -38.5237037,
          -13.005741
        ]
      ]
    },
    "properties" : {
      "@changesetId" : 134513875,
      "@osmId" : "way/171560254",
      "@osmType" : "way",
      "@validFrom" : "2025-11-17T00:00:00Z",
      "@validTo" : "2025-11-17T00:00:01Z",
      "@version" : 14,
      "description" : "Shopping Barra",
      "highway" : "service",
      "maxspeed" : "20",
      "oneway" : "yes",
      "surface" : "paved",
      "width" : "6"
    }
  }, {
    "type" : "Feature",
    "geometry" : {
      "type" : "LineString",
      "coordinates" : [
        [
          -38.5256896,
          -13.0066653
        ],
        [
          -38.5256443,
          -13.0066953
        ],
        [
          -38.5256016,
          -13.0067054
        ],
        [
          -38.525576,
          -13.0067063
        ],
        [
          -38.5255516,
          -13.0067071
        ],
        [
          -38.5255194,
          -13.0066991
        ],
        [
          -38.5254887,
          -13.0066771
        ],
        [
          -38.5254744,
          -13.006651
        ],
        [
          -38.5254666,
          -13.006612
        ],
        [
          -38.5254721,
          -13.0065635
        ],
        [
          -38.5254813,
          -13.0065172
        ],
        [
          -38.525505,
          -13.006398
        ]
      ]
    },
    "properties" : {
      "@changesetId" : 132980731,
      "@osmId" : "way/171560255",
      "@osmType" : "way",
      "@validFrom" : "2025-11-17T00:00:00Z",
      "@validTo" : "2025-11-17T00:00:01Z",
      "@version" : 6,
      "description" : "Shopping Barra",
      "highway" : "service",
      "maxspeed" : "20",
      "oneway" : "yes",
      "service" : "parking_aisle",
      "source" : "knowledge",
      "surface" : "paved"
    }
  }, {
    "type" : "Feature",
    "geometry" : {
      "type" : "LineString",
      "coordinates" : [
        [
          -38.5255391,
          -13.006185
        ],
        [
          -38.5255977,
          -13.0062746
        ],
        [
          -38.5256331,
          -13.0063287
        ],
        [
          -38.5256493,
          -13.0063535
        ],
        [
          -38.525727,
          -13.0064724
        ],
        [
          -38.5257431,
          -13.0065031
        ],
        [
          -38.5257498,
          -13.0065409
        ],
        [
          -38.525748,
          -13.0065853
        ],
        [
          -38.5257273,
          -13.0066284
        ],
        [
          -38.5256896,
          -13.0066653
        ]
      ]
    },
    "properties" : {
      "@changesetId" : 132980731,
      "@osmId" : "way/171560256",
      "@osmType" : "way",
      "@validFrom" : "2025-11-17T00:00:00Z",
      "@validTo" : "2025-11-17T00:00:01Z",
      "@version" : 6,
      "description" : "Shopping Barra",
      "highway" : "service",
      "maxspeed" : "20",
      "oneway" : "yes",
      "service" : "parking_aisle",
      "source" : "knowledge",
      "surface" : "paved"
    }
  }, {
    "type" : "Feature",
    "geometry" : {
      "type" : "LineString",
      "coordinates" : [
        [
          -38.5235021,
          -13.0056765
        ],
        [
          -38.5236213,
          -13.0058437
        ],
        [
          -38.5236174,
          -13.006019
        ],
        [
          -38.5236184,
          -13.0061333
        ],
        [
          -38.5236115,
          -13.0062935
        ]
      ]
    },
    "properties" : {
      "@changesetId" : 52216963,
      "@osmId" : "way/171560258",
      "@osmType" : "way",
      "@validFrom" : "2025-11-17T00:00:00Z",
      "@validTo" : "2025-11-17T00:00:01Z",
      "@version" : 6,
      "bicycle" : "yes",
      "bridge" : "viaduct",
      "highway" : "footway",
      "layer" : "5"
    }
  }, {
    "type" : "Feature",
    "geometry" : {
      "type" : "LineString",
      "coordinates" : [
        [
          -38.5235649,
          -13.0058912
        ],
        [
          -38.5235468,
          -13.0058834
        ],
        [
          -38.5235324,
          -13.0058819
        ],
        [
          -38.5235146,
          -13.0058801
        ],
        [
          -38.5235064,
          -13.0058811
        ],
        [
          -38.5234932,
          -13.0058828
        ],
        [
          -38.5234717,
          -13.0058854
        ]
      ]
    },
    "properties" : {
      "@changesetId" : 133519568,
      "@osmId" : "way/365356697",
      "@osmType" : "way",
      "@validFrom" : "2025-11-17T00:00:00Z",
      "@validTo" : "2025-11-17T00:00:01Z",
      "@version" : 7,
      "highway" : "service",
      "oneway" : "yes"
    }
  }, {
    "type" : "Feature",
    "geometry" : {
      "type" : "LineString",
      "coordinates" : [
        [
          -38.5238053,
          -13.0082597
        ],
        [
          -38.5239035,
          -13.008338
        ],
        [
          -38.5239995,
          -13.0083955
        ],
        [
          -38.5241175,
          -13.0084497
        ],
        [
          -38.5241819,
          -13.0084768
        ],
        [
          -38.524238,
          -13.0085072
        ],
        [
          -38.5242561,
          -13.0085262
        ],
        [
          -38.5242689,
          -13.0085521
        ]
      ]
    },
    "properties" : {
      "@changesetId" : 141629236,
      "@osmId" : "way/415835654",
      "@osmType" : "way",
      "@validFrom" : "2025-11-17T00:00:00Z",
      "@validTo" : "2025-11-17T00:00:01Z",
      "@version" : 6,
      "highway" : "primary",
      "lanes" : "3",
      "maxspeed" : "70",
      "name" : "Avenida Centenário",
      "oneway" : "yes",
      "surface" : "paved",
      "width" : "6"
    }
  }, {
    "type" : "Feature",
    "geometry" : {
      "type" : "LineString",
      "coordinates" : [
        [
          -38.5225572,
          -13.0055999
        ],
        [
          -38.5226079,
          -13.0056346
        ],
        [
          -38.5226102,
          -13.0056356
        ]
      ]
    },
    "properties" : {
      "@changesetId" : 109741977,
      "@osmId" : "way/390775696",
      "@osmType" : "way",
      "@validFrom" : "2025-11-17T00:00:00Z",
      "@validTo" : "2025-11-17T00:00:01Z",
      "@version" : 5,
      "highway" : "service"
    }
  }, {
    "type" : "Feature",
    "geometry" : {
      "type" : "LineString",
      "coordinates" : [
        [
          -38.5226676,
          -13.003603
        ],
        [
          -38.5227308,
          -13.0036645
        ],
        [
          -38.5227744,
          -13.0036992
        ],
        [
          -38.5228117,
          -13.003735
        ],
        [
          -38.5228745,
          -13.0038056
        ],
        [
          -38.5230682,
          -13.0040337
        ],
        [
          -38.5231597,
          -13.004153
        ],
        [
          -38.5232066,
          -13.0042256
        ],
        [
          -38.5232502,
          -13.0043106
        ],
        [
          -38.5232854,
          -13.0044123
        ],
        [
          -38.5233152,
          -13.0045129
        ],
        [
          -38.5233418,
          -13.0046259
        ],
        [
          -38.5233631,
          -13.0047296
        ],
        [
          -38.5233647,
          -13.0047525
        ],
        [
          -38.5233705,
          -13.0048334
        ],
        [
          -38.5233694,
          -13.0049236
        ],
        [
          -38.5233684,
          -13.0050678
        ],
        [
          -38.5233673,
          -13.005242
        ],
        [
          -38.5233609,
          -13.0055044
        ],
        [
          -38.5233535,
          -13.0056299
        ],
        [
          -38.523346,
          -13.0057668
        ],
        [
          -38.5233322,
          -13.0058923
        ],
        [
          -38.5233056,
          -13.0060593
        ],
        [
          -38.523263,
          -13.0062905
        ],
        [
          -38.5232428,
          -13.0064202
        ],
        [
          -38.5232321,
          -13.0064948
        ],
        [
          -38.5232257,
          -13.0066037
        ],
        [
          -38.5232289,
          -13.0067126
        ],
        [
          -38.5232417,
          -13.0068423
        ],
        [
          -38.5232758,
          -13.0070539
        ],
        [
          -38.5233269,
          -13.0073339
        ],
        [
          -38.5233567,
          -13.0074573
        ],
        [
          -38.5233971,
          -13.0075766
        ],
        [
          -38.5234429,
          -13.0077052
        ],
        [
          -38.5235004,
          -13.0078348
        ],
        [
          -38.52356,
          -13.007952
        ],
        [
          -38.5236387,
          -13.0080816
        ],
        [
          -38.5237143,
          -13.0081781
        ],
        [
          -38.523758,
          -13.0082383
        ],
        [
          -38.5237717,
          -13.0082642
        ],
        [
          -38.5237766,
          -13.0082818
        ],
        [
          -38.5237798,
          -13.0083108
        ],
        [
          -38.5237745,
          -13.0083363
        ],
        [
          -38.5237595,
          -13.0083515
        ],
        [
          -38.5237361,
          -13.0083622
        ],
        [
          -38.5237117,
          -13.0083637
        ],
        [
          -38.5236888,
          -13.0083529
        ],
        [
          -38.5236707,
          -13.0083357
        ],
        [
          -38.5236334,
          -13.0082866
        ],
        [
          -38.5235639,
          -13.0081843
        ],
        [
          -38.5234927,
          -13.0080708
        ],
        [
          -38.5234031,
          -13.0079121
        ],
        [
          -38.5233143,
          -13.0077275
        ],
        [
          -38.5232682,
          -13.0075859
        ],
        [
          -38.5232382,
          -13.0074556
        ],
        [
          -38.5232107,
          -13.0073027
        ],
        [
          -38.5231646,
          -13.0070739
        ],
        [
          -38.5231377,
          -13.0069401
        ],
        [
          -38.5231017,
          -13.0067348
        ],
        [
          -38.5230882,
          -13.0066006
        ],
        [
          -38.5230827,
          -13.0064664
        ],
        [
          -38.5230832,
          -13.006366
        ],
        [
          -38.5230984,
          -13.0062828
        ],
        [
          -38.5231594,
          -13.00603
        ],
        [
          -38.5232265,
          -13.0057954
        ],
        [
          -38.5232667,
          -13.0056115
        ],
        [
          -38.5232825,
          -13.0055052
        ],
        [
          -38.5232951,
          -13.0053099
        ],
        [
          -38.5232935,
          -13.0051789
        ],
        [
          -38.523292,
          -13.0050654
        ],
        [
          -38.5232817,
          -13.0049616
        ],
        [
          -38.5232601,
          -13.0048863
        ],
        [
          -38.5232319,
          -13.0048217
        ],
        [
          -38.5232045,
          -13.0047811
        ],
        [
          -38.5231871,
          -13.0047553
        ],
        [
          -38.5230234,
          -13.0045258
        ],
        [
          -38.5228858,
          -13.0043217
        ],
        [
          -38.5227375,
          -13.0041356
        ],
        [
          -38.5225422,
          -13.0039074
        ],
        [
          -38.5224497,
          -13.003808
        ]
      ]
    },
    "properties" : {
      "@changesetId" : 141705993,
      "@osmId" : "way/470033389",
      "@osmType" : "way",
      "@validFrom" : "2025-11-17T00:00:00Z",
      "@validTo" : "2025-11-17T00:00:01Z",
      "@version" : 6,
      "highway" : "footway",
      "surface" : "paving_stones"
    }
  }, {
    "type" : "Feature",
    "geometry" : {
      "type" : "LineString",
      "coordinates" : [
        [
          -38.5236651,
          -13.0102255
        ],
        [
          -38.5237295,
          -13.0102038
        ],
        [
          -38.5238667,
          -13.0101447
        ],
        [
          -38.5245848,
          -13.0096994
        ],
        [
          -38.5249836,
          -13.0094983
        ],
        [
          -38.5253322,
          -13.009354
        ],
        [
          -38.525454,
          -13.0093318
        ],
        [
          -38.5255096,
          -13.0093264
        ]
      ]
    },
    "properties" : {
      "@changesetId" : 165211126,
      "@osmId" : "way/471806814",
      "@osmType" : "way",
      "@validFrom" : "2025-11-17T00:00:00Z",
      "@validTo" : "2025-11-17T00:00:01Z",
      "@version" : 16,
      "highway" : "footway",
      "lit" : "yes",
      "surface" : "asphalt"
    }
  }, {
    "type" : "Feature",
    "geometry" : {
      "type" : "LineString",
      "coordinates" : [
        [
          -38.5236426,
          -13.0101053
        ],
        [
          -38.5237259,
          -13.0100772
        ],
        [
          -38.5238352,
          -13.0100278
        ],
        [
          -38.524349,
          -13.0097336
        ]
      ]
    },
    "properties" : {
      "@changesetId" : 141626034,
      "@osmId" : "way/569868740",
      "@osmType" : "way",
      "@validFrom" : "2025-11-17T00:00:00Z",
      "@validTo" : "2025-11-17T00:00:01Z",
      "@version" : 13,
      "bicycle" : "yes",
      "highway" : "primary",
      "lanes" : "3",
      "lanes:forward" : "2",
      "maxspeed" : "60",
      "name" : "Avenida Oceânica",
      "oneway" : "no",
      "oneway:bicycle" : "no",
      "surface" : "asphalt"
    }
  }, {
    "type" : "Feature",
    "geometry" : {
      "type" : "LineString",
      "coordinates" : [
        [
          -38.5239217,
          -13.0104245
        ],
        [
          -38.5239173,
          -13.0103932
        ],
        [
          -38.5239034,
          -13.0102951
        ],
        [
          -38.5238667,
          -13.0101447
        ]
      ]
    },
    "properties" : {
      "@changesetId" : 133808007,
      "@osmId" : "way/592528324",
      "@osmType" : "way",
      "@validFrom" : "2025-11-17T00:00:00Z",
      "@validTo" : "2025-11-17T00:00:01Z",
      "@version" : 5,
      "highway" : "footway",
      "surface" : "grass_paver"
    }
  }, {
    "type" : "Feature",
    "geometry" : {
      "type" : "LineString",
      "coordinates" : [
        [
          -38.5249836,
          -13.0094983
        ],
        [
          -38.5249745,
          -13.009617
        ],
        [
          -38.5249554,
          -13.0096798
        ],
        [
          -38.524884,
          -13.0097298
        ],
        [
          -38.5248869,
          -13.0097414
        ],
        [
          -38.524897,
          -13.0097731
        ]
      ]
    },
    "properties" : {
      "@changesetId" : 161002635,
      "@osmId" : "way/592528326",
      "@osmType" : "way",
      "@validFrom" : "2025-11-17T00:00:00Z",
      "@validTo" : "2025-11-17T00:00:01Z",
      "@version" : 7,
      "handrail" : "no",
      "highway" : "steps",
      "incline" : "down",
      "ramp" : "no",
      "step_count" : "30",
      "surface" : "concrete"
    }
  }, {
    "type" : "Feature",
    "geometry" : {
      "type" : "LineString",
      "coordinates" : [
        [
          -38.5234031,
          -13.0079121
        ],
        [
          -38.5233546,
          -13.0079364
        ]
      ]
    },
    "properties" : {
      "@changesetId" : 85578220,
      "@osmId" : "way/807012497",
      "@osmType" : "way",
      "@validFrom" : "2025-11-17T00:00:00Z",
      "@validTo" : "2025-11-17T00:00:01Z",
      "@version" : 1,
      "highway" : "footway"
    }
  }, {
    "type" : "Feature",
    "geometry" : {
      "type" : "LineString",
      "coordinates" : [
        [
          -38.5250418,
          -13.0084158
        ],
        [
          -38.525023,
          -13.0083322
        ],
        [
          -38.5249748,
          -13.0080979
        ],
        [
          -38.5249613,
          -13.0079761
        ],
        [
          -38.5249646,
          -13.0078872
        ],
        [
          -38.5249866,
          -13.007823
        ],
        [
          -38.5250035,
          -13.0077802
        ],
        [
          -38.5250136,
          -13.0077176
        ],
        [
          -38.5250052,
          -13.0074147
        ],
        [
          -38.5250103,
          -13.0073587
        ],
        [
          -38.5250339,
          -13.0073126
        ],
        [
          -38.5250694,
          -13.0072813
        ],
        [
          -38.5251167,
          -13.0072648
        ],
        [
          -38.5251657,
          -13.0072583
        ],
        [
          -38.5254648,
          -13.007255
        ]
      ]
    },
    "properties" : {
      "@changesetId" : 109267174,
      "@osmId" : "way/807383209",
      "@osmType" : "way",
      "@validFrom" : "2025-11-17T00:00:00Z",
      "@validTo" : "2025-11-17T00:00:01Z",
      "@version" : 2,
      "highway" : "service"
    }
  }, {
    "type" : "Feature",
    "geometry" : {
      "type" : "LineString",
      "coordinates" : [
        [
          -38.5259575,
          -13.0081106
        ],
        [
          -38.5259413,
          -13.0081539
        ],
        [
          -38.5259011,
          -13.0082273
        ]
      ]
    },
    "properties" : {
      "@changesetId" : 149153126,
      "@osmId" : "way/807383210",
      "@osmType" : "way",
      "@validFrom" : "2025-11-17T00:00:00Z",
      "@validTo" : "2025-11-17T00:00:01Z",
      "@version" : 6,
      "highway" : "residential",
      "lane_markings" : "no",
      "name" : "Rua Eduardo Diniz Gonçalves",
      "oneway" : "yes",
      "source" : "Bing",
      "surface" : "asphalt",
      "width" : "6"
    }
  }, {
    "type" : "Feature",
    "geometry" : {
      "type" : "LineString",
      "coordinates" : [
        [
          -38.5222934,
          -13.005861
        ],
        [
          -38.5224754,
          -13.0056809
        ],
        [
          -38.5225572,
          -13.0055999
        ],
        [
          -38.5226616,
          -13.0054883
        ],
        [
          -38.5227812,
          -13.0053641
        ],
        [
          -38.5229596,
          -13.0051789
        ],
        [
          -38.5230355,
          -13.0051002
        ],
        [
          -38.5230732,
          -13.004994
        ],
        [
          -38.5230671,
          -13.0049365
        ],
        [
          -38.5230441,
          -13.0048729
        ],
        [
          -38.5228866,
          -13.0044603
        ]
      ]
    },
    "properties" : {
      "@changesetId" : 141705993,
      "@osmId" : "way/396213760",
      "@osmType" : "way",
      "@validFrom" : "2025-11-17T00:00:00Z",
      "@validTo" : "2025-11-17T00:00:01Z",
      "@version" : 12,
      "highway" : "secondary",
      "lanes" : "2",
      "name" : "Rua Comendador Francisco Fedreira",
      "oneway" : "yes",
      "surface" : "asphalt"
    }
  }, {
    "type" : "Feature",
    "geometry" : {
      "type" : "LineString",
      "coordinates" : [
        [
          -38.5221914,
          -13.0059656
        ],
        [
          -38.5222934,
          -13.005861
        ]
      ]
    },
    "properties" : {
      "@changesetId" : 133888232,
      "@osmId" : "way/396213761",
      "@osmType" : "way",
      "@validFrom" : "2025-11-17T00:00:00Z",
      "@validTo" : "2025-11-17T00:00:01Z",
      "@version" : 9,
      "highway" : "secondary",
      "lanes" : "1",
      "name" : "Rua Comendador Francisco Fedreira",
      "oneway" : "yes",
      "surface" : "asphalt"
    }
  }, {
    "type" : "Feature",
    "geometry" : {
      "type" : "LineString",
      "coordinates" : [
        [
          -38.523469,
          -13.0045943
        ],
        [
          -38.5235044,
          -13.0046848
        ],
        [
          -38.5235141,
          -13.0047371
        ],
        [
          -38.5235374,
          -13.0048564
        ],
        [
          -38.5235574,
          -13.0050186
        ],
        [
          -38.5235757,
          -13.0052947
        ],
        [
          -38.5235542,
          -13.0055339
        ],
        [
          -38.5235488,
          -13.0056227
        ],
        [
          -38.5235234,
          -13.0057272
        ],
        [
          -38.5234717,
          -13.0058854
        ],
        [
          -38.523404,
          -13.0060957
        ],
        [
          -38.5233696,
          -13.0061924
        ],
        [
          -38.5233483,
          -13.0062558
        ],
        [
          -38.5232719,
          -13.0065151
        ]
      ]
    },
    "properties" : {
      "@changesetId" : 141705993,
      "@osmId" : "way/396220343",
      "@osmType" : "way",
      "@validFrom" : "2025-11-17T00:00:00Z",
      "@validTo" : "2025-11-17T00:00:01Z",
      "@version" : 13,
      "highway" : "tertiary",
      "lanes" : "2",
      "name" : "Avenida Centenário",
      "oneway" : "yes"
    }
  }, {
    "type" : "Feature",
    "geometry" : {
      "type" : "LineString",
      "coordinates" : [
        [
          -38.5228324,
          -13.0034912
        ],
        [
          -38.5226955,
          -13.0035807
        ],
        [
          -38.5226676,
          -13.003603
        ],
        [
          -38.5226444,
          -13.003624
        ]
      ]
    },
    "properties" : {
      "@changesetId" : 141705993,
      "@osmId" : "way/396232528",
      "@osmType" : "way",
      "@validFrom" : "2025-11-17T00:00:00Z",
      "@validTo" : "2025-11-17T00:00:01Z",
      "@version" : 5,
      "bicycle" : "yes",
      "footway" : "crossing",
      "highway" : "footway"
    }
  }, {
    "type" : "Feature",
    "geometry" : {
      "type" : "LineString",
      "coordinates" : [
        [
          -38.5226444,
          -13.003624
        ],
        [
          -38.5224662,
          -13.0037946
        ]
      ]
    },
    "properties" : {
      "@changesetId" : 39296528,
      "@osmId" : "way/396232529",
      "@osmType" : "way",
      "@validFrom" : "2025-11-17T00:00:00Z",
      "@validTo" : "2025-11-17T00:00:01Z",
      "@version" : 2,
      "bicycle" : "yes",
      "highway" : "footway"
    }
  }, {
    "type" : "Feature",
    "geometry" : {
      "type" : "LineString",
      "coordinates" : [
        [
          -38.5224662,
          -13.0037946
        ],
        [
          -38.5225019,
          -13.0038388
        ],
        [
          -38.5226185,
          -13.0039722
        ],
        [
          -38.5226793,
          -13.0040438
        ],
        [
          -38.5227461,
          -13.0041129
        ],
        [
          -38.5227944,
          -13.0041734
        ],
        [
          -38.522873,
          -13.0042804
        ],
        [
          -38.5229085,
          -13.0043234
        ],
        [
          -38.5229328,
          -13.0043549
        ],
        [
          -38.5229683,
          -13.004387
        ],
        [
          -38.5230122,
          -13.0044208
        ],
        [
          -38.5230433,
          -13.0044654
        ],
        [
          -38.5230637,
          -13.0045295
        ],
        [
          -38.5230899,
          -13.004592
        ],
        [
          -38.5231325,
          -13.0046459
        ],
        [
          -38.5231741,
          -13.0046821
        ],
        [
          -38.5232042,
          -13.004706
        ],
        [
          -38.523272,
          -13.004762
        ]
      ]
    },
    "properties" : {
      "@changesetId" : 134920863,
      "@osmId" : "way/396232530",
      "@osmType" : "way",
      "@validFrom" : "2025-11-17T00:00:00Z",
      "@validTo" : "2025-11-17T00:00:01Z",
      "@version" : 6,
      "bicycle" : "yes",
      "foot" : "designated",
      "highway" : "cycleway",
      "oneway" : "no",
      "surface" : "paved"
    }
  }, {
    "type" : "Feature",
    "geometry" : {
      "type" : "LineString",
      "coordinates" : [
        [
          -38.5224662,
          -13.0037946
        ],
        [
          -38.5224497,
          -13.003808
        ],
        [
          -38.5223718,
          -13.0038709
        ]
      ]
    },
    "properties" : {
      "@changesetId" : 85578220,
      "@osmId" : "way/396232531",
      "@osmType" : "way",
      "@validFrom" : "2025-11-17T00:00:00Z",
      "@validTo" : "2025-11-17T00:00:01Z",
      "@version" : 4,
      "bicycle" : "yes",
      "footway" : "crossing",
      "highway" : "footway"
    }
  }, {
    "type" : "Feature",
    "geometry" : {
      "type" : "LineString",
      "coordinates" : [
        [
          -38.5213034,
          -13.0032065
        ],
        [
          -38.52122,
          -13.0032266
        ]
      ]
    },
    "properties" : {
      "@changesetId" : 86157392,
      "@osmId" : "way/396232534",
      "@osmType" : "way",
      "@validFrom" : "2025-11-17T00:00:00Z",
      "@validTo" : "2025-11-17T00:00:01Z",
      "@version" : 6,
      "highway" : "residential",
      "lit" : "yes",
      "maxspeed:type" : "BR:urban",
      "name" : "Rua Juiz Rosalvo Torres",
      "oneway" : "yes",
      "source" : "Yahoo",
      "surface" : "asphalt"
    }
  }, {
    "type" : "Feature",
    "geometry" : {
      "type" : "LineString",
      "coordinates" : [
        [
          -38.5213034,
          -13.0032065
        ],
        [
          -38.5211979,
          -13.0030472
        ]
      ]
    },
    "properties" : {
      "@changesetId" : 39296528,
      "@osmId" : "way/396232535",
      "@osmType" : "way",
      "@validFrom" : "2025-11-17T00:00:00Z",
      "@validTo" : "2025-11-17T00:00:01Z",
      "@version" : 2,
      "bicycle" : "yes",
      "highway" : "footway"
    }
  }, {
    "type" : "Feature",
    "geometry" : {
      "type" : "LineString",
      "coordinates" : [
        [
          -38.5211979,
          -13.0030472
        ],
        [
          -38.5213796,
          -13.0028884
        ],
        [
          -38.5213695,
          -13.0028765
        ]
      ]
    },
    "properties" : {
      "@changesetId" : 122706798,
      "@osmId" : "way/396232536",
      "@osmType" : "way",
      "@validFrom" : "2025-11-17T00:00:00Z",
      "@validTo" : "2025-11-17T00:00:01Z",
      "@version" : 5,
      "highway" : "residential",
      "name" : "Rua Desembargador Baldoino Andrade",
      "oneway" : "yes",
      "source" : "Bing",
      "source:date" : "22-04-2014"
    }
  }, {
    "type" : "Feature",
    "geometry" : {
      "type" : "LineString",
      "coordinates" : [
        [
          -38.5230057,
          -13.0066772
        ],
        [
          -38.5229816,
          -13.0064808
        ],
        [
          -38.5230117,
          -13.0063264
        ],
        [
          -38.5230352,
          -13.0062045
        ],
        [
          -38.5230747,
          -13.0060579
        ],
        [
          -38.5231608,
          -13.0057548
        ],
        [
          -38.5231955,
          -13.0056007
        ],
        [
          -38.5232067,
          -13.0054988
        ],
        [
          -38.523203,
          -13.0053672
        ],
        [
          -38.523202,
          -13.0052169
        ],
        [
          -38.5231916,
          -13.0050984
        ],
        [
          -38.52318,
          -13.0049677
        ],
        [
          -38.5231682,
          -13.0049231
        ],
        [
          -38.5231596,
          -13.0048996
        ],
        [
          -38.5231303,
          -13.0048383
        ],
        [
          -38.5231112,
          -13.0048075
        ]
      ]
    },
    "properties" : {
      "@changesetId" : 143220405,
      "@osmId" : "way/886563423",
      "@osmType" : "way",
      "@validFrom" : "2025-11-17T00:00:00Z",
      "@validTo" : "2025-11-17T00:00:01Z",
      "@version" : 5,
      "bicycle:conditional" : "yes @ (04:00 - 06:00)",
      "cycleway:right" : "lane",
      "highway" : "primary",
      "lanes" : "3",
      "maxspeed" : "70",
      "name" : "Avenida Centenário",
      "oneway" : "yes",
      "surface" : "asphalt"
    }
  }, {
    "type" : "Feature",
    "geometry" : {
      "type" : "LineString",
      "coordinates" : [
        [
          -38.5217839,
          -13.0025124
        ],
        [
          -38.5218693,
          -13.002606
        ],
        [
          -38.5222882,
          -13.0031014
        ],
        [
          -38.5226955,
          -13.0035807
        ],
        [
          -38.5229121,
          -13.0038149
        ],
        [
          -38.5230634,
          -13.0039952
        ],
        [
          -38.5231559,
          -13.0041174
        ],
        [
          -38.5232236,
          -13.0042369
        ],
        [
          -38.5232894,
          -13.0043728
        ],
        [
          -38.5233397,
          -13.0045028
        ],
        [
          -38.5233725,
          -13.0046134
        ],
        [
          -38.5234004,
          -13.0047488
        ],
        [
          -38.5234093,
          -13.004792
        ],
        [
          -38.5234244,
          -13.0050117
        ],
        [
          -38.5234223,
          -13.0050532
        ]
      ]
    },
    "properties" : {
      "@changesetId" : 141705993,
      "@osmId" : "way/396232538",
      "@osmType" : "way",
      "@validFrom" : "2025-11-17T00:00:00Z",
      "@validTo" : "2025-11-17T00:00:01Z",
      "@version" : 13,
      "highway" : "primary",
      "lanes" : "3",
      "maxspeed" : "70",
      "name" : "Avenida Centenário",
      "oneway" : "yes",
      "surface" : "paved",
      "width" : "6"
    }
  }, {
    "type" : "Feature",
    "geometry" : {
      "type" : "LineString",
      "coordinates" : [
        [
          -38.5236115,
          -13.0062935
        ],
        [
          -38.5235395,
          -13.0062865
        ]
      ]
    },
    "properties" : {
      "@changesetId" : 39296528,
      "@osmId" : "way/399686462",
      "@osmType" : "way",
      "@validFrom" : "2025-11-17T00:00:00Z",
      "@validTo" : "2025-11-17T00:00:01Z",
      "@version" : 2,
      "bicycle" : "yes",
      "highway" : "footway"
    }
  }, {
    "type" : "Feature",
    "geometry" : {
      "type" : "LineString",
      "coordinates" : [
        [
          -38.5253935,
          -13.0092645
        ],
        [
          -38.5254853,
          -13.0092497
        ],
        [
          -38.5255007,
          -13.0092493
        ]
      ]
    },
    "properties" : {
      "@changesetId" : 109224364,
      "@osmId" : "way/970750708",
      "@osmType" : "way",
      "@validFrom" : "2025-11-17T00:00:00Z",
      "@validTo" : "2025-11-17T00:00:01Z",
      "@version" : 1,
      "bicycle" : "yes",
      "cycleway:left" : "lane",
      "highway" : "tertiary",
      "lanes" : "2",
      "maxspeed" : "60",
      "name" : "Avenida Oceânica",
      "oneway" : "no",
      "oneway:bicycle" : "no",
      "surface" : "asphalt"
    }
  }, {
    "type" : "Feature",
    "geometry" : {
      "type" : "LineString",
      "coordinates" : [
        [
          -38.5231335,
          -13.0051725
        ],
        [
          -38.5230355,
          -13.0051002
        ]
      ]
    },
    "properties" : {
      "@changesetId" : 85578220,
      "@osmId" : "way/406257298",
      "@osmType" : "way",
      "@validFrom" : "2025-11-17T00:00:00Z",
      "@validTo" : "2025-11-17T00:00:01Z",
      "@version" : 3,
      "bicycle" : "yes",
      "highway" : "footway"
    }
  }, {
    "type" : "Feature",
    "geometry" : {
      "type" : "LineString",
      "coordinates" : [
        [
          -38.5235441,
          -13.0083021
        ],
        [
          -38.5233546,
          -13.0079364
        ],
        [
          -38.5233101,
          -13.0078493
        ],
        [
          -38.5232399,
          -13.0076856
        ],
        [
          -38.5232086,
          -13.0075867
        ],
        [
          -38.5231888,
          -13.0074856
        ],
        [
          -38.5231125,
          -13.0070827
        ],
        [
          -38.5230057,
          -13.0066772
        ]
      ]
    },
    "properties" : {
      "@changesetId" : 122706798,
      "@osmId" : "way/1072266452",
      "@osmType" : "way",
      "@validFrom" : "2025-11-17T00:00:00Z",
      "@validTo" : "2025-11-17T00:00:01Z",
      "@version" : 1,
      "bicycle:conditional" : "yes @ (04:00 - 06:00)",
      "cycleway:right" : "lane",
      "highway" : "primary",
      "lanes" : "3",
      "maxspeed" : "70",
      "name" : "Avenida Centenário",
      "oneway" : "yes",
      "surface" : "asphalt"
    }
  }, {
    "type" : "Feature",
    "geometry" : {
      "type" : "LineString",
      "coordinates" : [
        [
          -38.5235574,
          -13.0050186
        ],
        [
          -38.5235325,
          -13.0050167
        ],
        [
          -38.5235278,
          -13.0051549
        ]
      ]
    },
    "properties" : {
      "@changesetId" : 85578220,
      "@osmId" : "way/406257299",
      "@osmType" : "way",
      "@validFrom" : "2025-11-17T00:00:00Z",
      "@validTo" : "2025-11-17T00:00:01Z",
      "@version" : 3,
      "bicycle" : "yes",
      "highway" : "footway"
    }
  }, {
    "type" : "Feature",
    "geometry" : {
      "type" : "LineString",
      "coordinates" : [
        [
          -38.5235395,
          -13.0062865
        ],
        [
          -38.5235231,
          -13.0062707
        ],
        [
          -38.523469,
          -13.0062605
        ],
        [
          -38.5233483,
          -13.0062558
        ]
      ]
    },
    "properties" : {
      "@changesetId" : 39300692,
      "@osmId" : "way/415835655",
      "@osmType" : "way",
      "@validFrom" : "2025-11-17T00:00:00Z",
      "@validTo" : "2025-11-17T00:00:01Z",
      "@version" : 2,
      "bicycle" : "yes",
      "highway" : "footway"
    }
  }, {
    "type" : "Feature",
    "geometry" : {
      "type" : "LineString",
      "coordinates" : [
        [
          -38.5243918,
          -13.0078327
        ],
        [
          -38.5243673,
          -13.0077999
        ],
        [
          -38.5243602,
          -13.0077631
        ],
        [
          -38.5243609,
          -13.0071541
        ],
        [
          -38.5243535,
          -13.0071019
        ],
        [
          -38.5243331,
          -13.0070676
        ],
        [
          -38.5242978,
          -13.0070415
        ],
        [
          -38.5242526,
          -13.0070239
        ],
        [
          -38.5241946,
          -13.0070245
        ],
        [
          -38.5236072,
          -13.0070183
        ],
        [
          -38.5235495,
          -13.0070104
        ],
        [
          -38.5234999,
          -13.0069882
        ],
        [
          -38.5234281,
          -13.0069464
        ]
      ]
    },
    "properties" : {
      "@changesetId" : 133644624,
      "@osmId" : "way/1149233748",
      "@osmType" : "way",
      "@validFrom" : "2025-11-17T00:00:00Z",
      "@validTo" : "2025-11-17T00:00:01Z",
      "@version" : 3,
      "description" : "Shopping Barra",
      "highway" : "service",
      "maxspeed" : "20",
      "name" : "Rua Airosa Galvão",
      "oneway" : "yes",
      "source" : "Bing",
      "surface" : "paved",
      "width" : "6"
    }
  }, {
    "type" : "Feature",
    "geometry" : {
      "type" : "LineString",
      "coordinates" : [
        [
          -38.5235441,
          -13.0083021
        ],
        [
          -38.5233873,
          -13.0084335
        ],
        [
          -38.5233143,
          -13.0084869
        ]
      ]
    },
    "properties" : {
      "@changesetId" : 141622358,
      "@osmId" : "way/1210151055",
      "@osmType" : "way",
      "@validFrom" : "2025-11-17T00:00:00Z",
      "@validTo" : "2025-11-17T00:00:01Z",
      "@version" : 1,
      "highway" : "service",
      "name" : "Avenida Artur Neiva",
      "service" : "driveway"
    }
  }, {
    "type" : "Feature",
    "geometry" : {
      "type" : "LineString",
      "coordinates" : [
        [
          -38.5241819,
          -13.0084768
        ],
        [
          -38.5242362,
          -13.0084733
        ],
        [
          -38.5242594,
          -13.0084668
        ],
        [
          -38.5242812,
          -13.008455
        ],
        [
          -38.524304,
          -13.0084302
        ],
        [
          -38.5243247,
          -13.0083908
        ]
      ]
    },
    "properties" : {
      "@changesetId" : 141629236,
      "@osmId" : "way/1210202254",
      "@osmType" : "way",
      "@validFrom" : "2025-11-17T00:00:00Z",
      "@validTo" : "2025-11-17T00:00:01Z",
      "@version" : 1,
      "highway" : "service",
      "oneway" : "yes"
    }
  }, {
    "type" : "Feature",
    "geometry" : {
      "type" : "LineString",
      "coordinates" : [
        [
          -38.5257269,
          -13.007179
        ],
        [
          -38.5257448,
          -13.0072594
        ],
        [
          -38.5257072,
          -13.007362
        ],
        [
          -38.5256826,
          -13.0073984
        ],
        [
          -38.5255872,
          -13.0074832
        ],
        [
          -38.5256865,
          -13.0075889
        ],
        [
          -38.5256426,
          -13.0076474
        ],
        [
          -38.5255179,
          -13.0076992
        ],
        [
          -38.5254648,
          -13.0078994
        ]
      ]
    },
    "properties" : {
      "@changesetId" : 142478827,
      "@osmId" : "way/1210859918",
      "@osmType" : "way",
      "@validFrom" : "2025-11-17T00:00:00Z",
      "@validTo" : "2025-11-17T00:00:01Z",
      "@version" : 3,
      "highway" : "footway"
    }
  }, {
    "type" : "Feature",
    "geometry" : {
      "type" : "LineString",
      "coordinates" : [
        [
          -38.5243424,
          -13.0098181
        ],
        [
          -38.5245777,
          -13.0096853
        ],
        [
          -38.5246215,
          -13.0096605
        ],
        [
          -38.5249736,
          -13.009489
        ],
        [
          -38.525158,
          -13.0094079
        ],
        [
          -38.5253453,
          -13.0093371
        ],
        [
          -38.5254806,
          -13.0093052
        ],
        [
          -38.5255071,
          -13.0093045
        ]
      ]
    },
    "properties" : {
      "@changesetId" : 165211126,
      "@osmId" : "way/1356983635",
      "@osmType" : "way",
      "@validFrom" : "2025-11-17T00:00:00Z",
      "@validTo" : "2025-11-17T00:00:01Z",
      "@version" : 2,
      "highway" : "cycleway"
    }
  }, {
    "type" : "Feature",
    "geometry" : {
      "type" : "LineString",
      "coordinates" : [
        [
          -38.525983,
          -13.0074029
        ],
        [
          -38.5259343,
          -13.0073812
        ],
        [
          -38.5258569,
          -13.0073332
        ],
        [
          -38.5258412,
          -13.0073234
        ],
        [
          -38.5258412,
          -13.0072717
        ],
        [
          -38.5257269,
          -13.007179
        ],
        [
          -38.5258296,
          -13.0069927
        ]
      ]
    },
    "properties" : {
      "@changesetId" : 141748834,
      "@osmId" : "way/473844718",
      "@osmType" : "way",
      "@validFrom" : "2025-11-17T00:00:00Z",
      "@validTo" : "2025-11-17T00:00:01Z",
      "@version" : 4,
      "alt_name" : "1ª Travessa Eduardo Diniz Gonçalves",
      "highway" : "footway",
      "name" : "Primeira Travessa Eduardo Diniz Gonçalves"
    }
  }, {
    "type" : "Feature",
    "geometry" : {
      "type" : "LineString",
      "coordinates" : [
        [
          -38.5230057,
          -13.0066772
        ],
        [
          -38.5229334,
          -13.0065229
        ],
        [
          -38.5228772,
          -13.0064489
        ],
        [
          -38.5228104,
          -13.0063945
        ],
        [
          -38.5226445,
          -13.0062956
        ],
        [
          -38.5224783,
          -13.0061901
        ],
        [
          -38.5221914,
          -13.0059656
        ]
      ]
    },
    "properties" : {
      "@changesetId" : 133888232,
      "@osmId" : "way/474675239",
      "@osmType" : "way",
      "@validFrom" : "2025-11-17T00:00:00Z",
      "@validTo" : "2025-11-17T00:00:01Z",
      "@version" : 7,
      "highway" : "secondary",
      "lanes" : "3",
      "name" : "Rua Professor Sabino Silva",
      "oneway" : "yes",
      "surface" : "asphalt"
    }
  }, {
    "type" : "Feature",
    "geometry" : {
      "type" : "LineString",
      "coordinates" : [
        [
          -38.5224247,
          -13.006265
        ],
        [
          -38.5224783,
          -13.0061901
        ]
      ]
    },
    "properties" : {
      "@changesetId" : 133684284,
      "@osmId" : "way/474675242",
      "@osmType" : "way",
      "@validFrom" : "2025-11-17T00:00:00Z",
      "@validTo" : "2025-11-17T00:00:01Z",
      "@version" : 3,
      "highway" : "service",
      "oneway" : "yes",
      "service" : "parking_aisle",
      "surface" : "asphalt"
    }
  }, {
    "type" : "Feature",
    "geometry" : {
      "type" : "LineString",
      "coordinates" : [
        [
          -38.5226445,
          -13.0062956
        ],
        [
          -38.5225896,
          -13.0063809
        ]
      ]
    },
    "properties" : {
      "@changesetId" : 81723504,
      "@osmId" : "way/474675243",
      "@osmType" : "way",
      "@validFrom" : "2025-11-17T00:00:00Z",
      "@validTo" : "2025-11-17T00:00:01Z",
      "@version" : 2,
      "highway" : "service",
      "oneway" : "yes",
      "service" : "parking_aisle"
    }
  }, {
    "type" : "Feature",
    "geometry" : {
      "type" : "LineString",
      "coordinates" : [
        [
          -38.5225896,
          -13.0063809
        ],
        [
          -38.5224247,
          -13.006265
        ]
      ]
    },
    "properties" : {
      "@changesetId" : 133684284,
      "@osmId" : "way/474675244",
      "@osmType" : "way",
      "@validFrom" : "2025-11-17T00:00:00Z",
      "@validTo" : "2025-11-17T00:00:01Z",
      "@version" : 5,
      "highway" : "service",
      "oneway" : "yes",
      "service" : "parking_aisle",
      "surface" : "asphalt"
    }
  }, {
    "type" : "Feature",
    "geometry" : {
      "type" : "LineString",
      "coordinates" : [
        [
          -38.5232399,
          -13.0076856
        ],
        [
          -38.5230527,
          -13.0077386
        ],
        [
          -38.5229512,
          -13.007753
        ],
        [
          -38.5229465,
          -13.0077519
        ]
      ]
    },
    "properties" : {
      "@changesetId" : 85578220,
      "@osmId" : "way/479044936",
      "@osmType" : "way",
      "@validFrom" : "2025-11-17T00:00:00Z",
      "@validTo" : "2025-11-17T00:00:01Z",
      "@version" : 2,
      "highway" : "footway",
      "name" : "Roça da Sabina",
      "surface" : "paved"
    }
  }, {
    "type" : "Feature",
    "geometry" : {
      "type" : "LineString",
      "coordinates" : [
        [
          -38.5237813,
          -13.0057303
        ],
        [
          -38.5238835,
          -13.0057318
        ],
        [
          -38.5238936,
          -13.005732
        ],
        [
          -38.524269,
          -13.0057377
        ]
      ]
    },
    "properties" : {
      "@changesetId" : 141705993,
      "@osmId" : "way/778011362",
      "@osmType" : "way",
      "@validFrom" : "2025-11-17T00:00:00Z",
      "@validTo" : "2025-11-17T00:00:01Z",
      "@version" : 8,
      "covered" : "yes",
      "highway" : "service",
      "layer" : "-1",
      "oneway" : "yes",
      "tunnel" : "yes"
    }
  }, {
    "type" : "Feature",
    "geometry" : {
      "type" : "LineString",
      "coordinates" : [
        [
          -38.5235488,
          -13.0056227
        ],
        [
          -38.5235828,
          -13.0056629
        ],
        [
          -38.5235909,
          -13.0056725
        ],
        [
          -38.5236052,
          -13.0056894
        ],
        [
          -38.523612,
          -13.0056942
        ],
        [
          -38.5236262,
          -13.0057044
        ],
        [
          -38.5236434,
          -13.0057168
        ],
        [
          -38.5237037,
          -13.005741
        ],
        [
          -38.5237813,
          -13.0057303
        ]
      ]
    },
    "properties" : {
      "@changesetId" : 134513875,
      "@osmId" : "way/778011363",
      "@osmType" : "way",
      "@validFrom" : "2025-11-17T00:00:00Z",
      "@validTo" : "2025-11-17T00:00:01Z",
      "@version" : 9,
      "highway" : "service",
      "oneway" : "yes"
    }
  }, {
    "type" : "Feature",
    "geometry" : {
      "type" : "LineString",
      "coordinates" : [
        [
          -38.523272,
          -13.004762
        ],
        [
          -38.5232866,
          -13.0046504
        ],
        [
          -38.5232711,
          -13.0045174
        ],
        [
          -38.5232424,
          -13.0044345
        ],
        [
          -38.5232115,
          -13.0043503
        ],
        [
          -38.5231686,
          -13.0042572
        ],
        [
          -38.523119,
          -13.0041814
        ],
        [
          -38.5230392,
          -13.0040723
        ],
        [
          -38.5229192,
          -13.0039194
        ],
        [
          -38.5228092,
          -13.0038004
        ],
        [
          -38.522708,
          -13.0036862
        ],
        [
          -38.5226444,
          -13.003624
        ]
      ]
    },
    "properties" : {
      "@changesetId" : 85578220,
      "@osmId" : "way/807012490",
      "@osmType" : "way",
      "@validFrom" : "2025-11-17T00:00:00Z",
      "@validTo" : "2025-11-17T00:00:01Z",
      "@version" : 1,
      "bicycle" : "yes",
      "foot" : "designated",
      "highway" : "cycleway",
      "oneway" : "no",
      "surface" : "paved"
    }
  }, {
    "type" : "Feature",
    "geometry" : {
      "type" : "MultiLineString",
      "coordinates" : [
        [
          [
            -38.5224497,
            -13.003808
          ],
          [
            -38.522426,
            -13.0037826
          ],
          [
            -38.5223898,
            -13.0037368
          ],
          [
            -38.5223516,
            -13.0036746
          ],
          [
            -38.5223134,
            -13.003623
          ],
          [
            -38.5220877,
            -13.0033547
          ],
          [
            -38.5218611,
            -13.0030847
          ],
          [
            -38.5216106,
            -13.0027969
          ],
          [
            -38.5215454,
            -13.002722
          ]
        ],
        [
          [
            -38.5217636,
            -13.0025302
          ],
          [
            -38.521845,
            -13.0026269
          ],
          [
            -38.5221315,
            -13.0029634
          ],
          [
            -38.522322,
            -13.0031854
          ],
          [
            -38.5224327,
            -13.0033264
          ],
          [
            -38.5225413,
            -13.0034581
          ],
          [
            -38.5226676,
            -13.003603
          ]
        ]
      ]
    },
    "properties" : {
      "@changesetId" : 85578220,
      "@osmId" : "way/807012491",
      "@osmType" : "way",
      "@validFrom" : "2025-11-17T00:00:00Z",
      "@validTo" : "2025-11-17T00:00:01Z",
      "@version" : 1,
      "highway" : "footway"
    }
  }, {
    "type" : "Feature",
    "geometry" : {
      "type" : "LineString",
      "coordinates" : [
        [
          -38.5221381,
          -13.0057745
        ],
        [
          -38.522349,
          -13.0055609
        ],
        [
          -38.5224754,
          -13.0056809
        ]
      ]
    },
    "properties" : {
      "@changesetId" : 133684284,
      "@osmId" : "way/807012493",
      "@osmType" : "way",
      "@validFrom" : "2025-11-17T00:00:00Z",
      "@validTo" : "2025-11-17T00:00:01Z",
      "@version" : 2,
      "highway" : "service",
      "surface" : "concrete"
    }
  }, {
    "type" : "Feature",
    "geometry" : {
      "type" : "LineString",
      "coordinates" : [
        [
          -38.5233609,
          -13.0055044
        ],
        [
          -38.5234063,
          -13.0055064
        ]
      ]
    },
    "properties" : {
      "@changesetId" : 85578220,
      "@osmId" : "way/807012498",
      "@osmType" : "way",
      "@validFrom" : "2025-11-17T00:00:00Z",
      "@validTo" : "2025-11-17T00:00:01Z",
      "@version" : 1,
      "highway" : "footway"
    }
  }, {
    "type" : "Feature",
    "geometry" : {
      "type" : "LineString",
      "coordinates" : [
        [
          -38.5232825,
          -13.0055052
        ],
        [
          -38.5232067,
          -13.0054988
        ]
      ]
    },
    "properties" : {
      "@changesetId" : 85578220,
      "@osmId" : "way/807012499",
      "@osmType" : "way",
      "@validFrom" : "2025-11-17T00:00:00Z",
      "@validTo" : "2025-11-17T00:00:01Z",
      "@version" : 1,
      "highway" : "footway"
    }
  }, {
    "type" : "Feature",
    "geometry" : {
      "type" : "LineString",
      "coordinates" : [
        [
          -38.5230887,
          -13.0056457
        ],
        [
          -38.5230938,
          -13.0052939
        ],
        [
          -38.5229596,
          -13.0051789
        ]
      ]
    },
    "properties" : {
      "@changesetId" : 85578220,
      "@osmId" : "way/807012500",
      "@osmType" : "way",
      "@validFrom" : "2025-11-17T00:00:00Z",
      "@validTo" : "2025-11-17T00:00:01Z",
      "@version" : 1,
      "highway" : "service"
    }
  }, {
    "type" : "Feature",
    "geometry" : {
      "type" : "LineString",
      "coordinates" : [
        [
          -38.5215197,
          -13.0028663
        ],
        [
          -38.5216106,
          -13.0027969
        ],
        [
          -38.521627,
          -13.0027834
        ]
      ]
    },
    "properties" : {
      "@changesetId" : 134920863,
      "@osmId" : "way/807012501",
      "@osmType" : "way",
      "@validFrom" : "2025-11-17T00:00:00Z",
      "@validTo" : "2025-11-17T00:00:01Z",
      "@version" : 3,
      "bicycle" : "yes",
      "footway" : "crossing",
      "highway" : "footway"
    }
  }, {
    "type" : "Feature",
    "geometry" : {
      "type" : "LineString",
      "coordinates" : [
        [
          -38.5217755,
          -13.0026792
        ],
        [
          -38.521845,
          -13.0026269
        ],
        [
          -38.5218693,
          -13.002606
        ]
      ]
    },
    "properties" : {
      "@changesetId" : 134920863,
      "@osmId" : "way/807012502",
      "@osmType" : "way",
      "@validFrom" : "2025-11-17T00:00:00Z",
      "@validTo" : "2025-11-17T00:00:01Z",
      "@version" : 3,
      "bicycle" : "yes",
      "footway" : "crossing",
      "highway" : "footway"
    }
  }, {
    "type" : "Feature",
    "geometry" : {
      "type" : "LineString",
      "coordinates" : [
        [
          -38.5232042,
          -13.004706
        ],
        [
          -38.5232204,
          -13.0047079
        ],
        [
          -38.5232414,
          -13.0047045
        ],
        [
          -38.5232574,
          -13.0046952
        ],
        [
          -38.5232728,
          -13.0046773
        ],
        [
          -38.5232866,
          -13.0046504
        ]
      ]
    },
    "properties" : {
      "@changesetId" : 85578220,
      "@osmId" : "way/807012504",
      "@osmType" : "way",
      "@validFrom" : "2025-11-17T00:00:00Z",
      "@validTo" : "2025-11-17T00:00:01Z",
      "@version" : 1,
      "bicycle" : "yes",
      "foot" : "designated",
      "highway" : "cycleway",
      "oneway" : "no",
      "surface" : "paved"
    }
  }, {
    "type" : "Feature",
    "geometry" : {
      "type" : "LineString",
      "coordinates" : [
        [
          -38.5235325,
          -13.0050167
        ],
        [
          -38.5234244,
          -13.0050117
        ]
      ]
    },
    "properties" : {
      "@changesetId" : 85633184,
      "@osmId" : "way/807383205",
      "@osmType" : "way",
      "@validFrom" : "2025-11-17T00:00:00Z",
      "@validTo" : "2025-11-17T00:00:01Z",
      "@version" : 1,
      "bicycle" : "yes",
      "highway" : "footway"
    }
  }, {
    "type" : "Feature",
    "geometry" : {
      "type" : "LineString",
      "coordinates" : [
        [
          -38.5251854,
          -13.0063227
        ],
        [
          -38.5249406,
          -13.0062708
        ],
        [
          -38.5250573,
          -13.0056133
        ]
      ]
    },
    "properties" : {
      "@changesetId" : 164814483,
      "@osmId" : "way/807383206",
      "@osmType" : "way",
      "@validFrom" : "2025-11-17T00:00:00Z",
      "@validTo" : "2025-11-17T00:00:01Z",
      "@version" : 3,
      "access" : "private",
      "highway" : "residential"
    }
  }, {
    "type" : "Feature",
    "geometry" : {
      "type" : "LineString",
      "coordinates" : [
        [
          -38.5254961,
          -13.0070009
        ],
        [
          -38.525537,
          -13.0069673
        ],
        [
          -38.5255632,
          -13.0069333
        ],
        [
          -38.5255719,
          -13.0069033
        ],
        [
          -38.5255679,
          -13.0068719
        ],
        [
          -38.5255551,
          -13.0068477
        ],
        [
          -38.5255357,
          -13.0068288
        ],
        [
          -38.5254955,
          -13.0068036
        ]
      ]
    },
    "properties" : {
      "@changesetId" : 133644624,
      "@osmId" : "way/807383207",
      "@osmType" : "way",
      "@validFrom" : "2025-11-17T00:00:00Z",
      "@validTo" : "2025-11-17T00:00:01Z",
      "@version" : 3,
      "highway" : "service",
      "oneway" : "yes"
    }
  }, {
    "type" : "Feature",
    "geometry" : {
      "type" : "LineString",
      "coordinates" : [
        [
          -38.525394,
          -13.0062227
        ],
        [
          -38.5254124,
          -13.0062147
        ],
        [
          -38.5254313,
          -13.0062065
        ],
        [
          -38.5254498,
          -13.0062007
        ],
        [
          -38.5254674,
          -13.0061951
        ],
        [
          -38.5255004,
          -13.0061899
        ],
        [
          -38.5255391,
          -13.006185
        ]
      ]
    },
    "properties" : {
      "@changesetId" : 132980731,
      "@osmId" : "way/807383208",
      "@osmType" : "way",
      "@validFrom" : "2025-11-17T00:00:00Z",
      "@validTo" : "2025-11-17T00:00:01Z",
      "@version" : 3,
      "highway" : "service",
      "oneway" : "yes",
      "service" : "parking_aisle"
    }
  }, {
    "type" : "Feature",
    "geometry" : {
      "type" : "LineString",
      "coordinates" : [
        [
          -38.5223718,
          -13.0038709
        ],
        [
          -38.5220319,
          -13.003451
        ],
        [
          -38.5215197,
          -13.0028663
        ],
        [
          -38.5214602,
          -13.0027967
        ]
      ]
    },
    "properties" : {
      "@changesetId" : 141705993,
      "@osmId" : "way/886563422",
      "@osmType" : "way",
      "@validFrom" : "2025-11-17T00:00:00Z",
      "@validTo" : "2025-11-17T00:00:01Z",
      "@version" : 4,
      "bicycle:conditional" : "yes @ (04:00 - 06:00)",
      "cycleway:right" : "lane",
      "highway" : "primary",
      "lanes" : "3",
      "maxspeed" : "70",
      "name" : "Avenida Centenário",
      "oneway" : "yes",
      "surface" : "asphalt"
    }
  }, {
    "type" : "Feature",
    "geometry" : {
      "type" : "LineString",
      "coordinates" : [
        [
          -38.5226102,
          -13.0056356
        ],
        [
          -38.522875,
          -13.0058458
        ]
      ]
    },
    "properties" : {
      "@changesetId" : 101536838,
      "@osmId" : "way/921124035",
      "@osmType" : "way",
      "@validFrom" : "2025-11-17T00:00:00Z",
      "@validTo" : "2025-11-17T00:00:01Z",
      "@version" : 1,
      "highway" : "service",
      "tunnel" : "building_passage"
    }
  }, {
    "type" : "Feature",
    "geometry" : {
      "type" : "LineString",
      "coordinates" : [
        [
          -38.5234223,
          -13.0050532
        ],
        [
          -38.5234169,
          -13.0051471
        ],
        [
          -38.5234063,
          -13.0055064
        ],
        [
          -38.5233921,
          -13.0056266
        ],
        [
          -38.5233556,
          -13.0059687
        ],
        [
          -38.5232719,
          -13.0065151
        ]
      ]
    },
    "properties" : {
      "@changesetId" : 105900595,
      "@osmId" : "way/951579739",
      "@osmType" : "way",
      "@validFrom" : "2025-11-17T00:00:00Z",
      "@validTo" : "2025-11-17T00:00:01Z",
      "@version" : 1,
      "highway" : "primary",
      "lanes" : "3",
      "maxspeed" : "70",
      "name" : "Avenida Centenário",
      "oneway" : "yes",
      "surface" : "paved",
      "width" : "6"
    }
  }, {
    "type" : "Feature",
    "geometry" : {
      "type" : "LineString",
      "coordinates" : [
        [
          -38.5231112,
          -13.0048075
        ],
        [
          -38.5229916,
          -13.0046148
        ],
        [
          -38.5228866,
          -13.0044603
        ],
        [
          -38.5227012,
          -13.0042295
        ],
        [
          -38.5223718,
          -13.0038709
        ]
      ]
    },
    "properties" : {
      "@changesetId" : 143220405,
      "@osmId" : "way/970982143",
      "@osmType" : "way",
      "@validFrom" : "2025-11-17T00:00:00Z",
      "@validTo" : "2025-11-17T00:00:01Z",
      "@version" : 3,
      "bicycle:conditional" : "yes @ (04:00 - 06:00)",
      "cycleway:right" : "lane",
      "highway" : "primary",
      "lanes" : "2",
      "maxspeed" : "70",
      "name" : "Avenida Centenário",
      "oneway" : "yes",
      "surface" : "asphalt"
    }
  }, {
    "type" : "Feature",
    "geometry" : {
      "type" : "LineString",
      "coordinates" : [
        [
          -38.523313,
          -13.0070464
        ],
        [
          -38.5232758,
          -13.0070539
        ],
        [
          -38.5232224,
          -13.0070642
        ],
        [
          -38.5231646,
          -13.0070739
        ],
        [
          -38.5231125,
          -13.0070827
        ]
      ]
    },
    "properties" : {
      "@changesetId" : 134920863,
      "@osmId" : "way/972072091",
      "@osmType" : "way",
      "@validFrom" : "2025-11-17T00:00:00Z",
      "@validTo" : "2025-11-17T00:00:01Z",
      "@version" : 2,
      "bicycle" : "yes",
      "footway" : "crossing",
      "highway" : "footway"
    }
  }, {
    "type" : "Feature",
    "geometry" : {
      "type" : "LineString",
      "coordinates" : [
        [
          -38.5228324,
          -13.0034912
        ],
        [
          -38.5230499,
          -13.0037464
        ],
        [
          -38.5231639,
          -13.003907
        ],
        [
          -38.5232507,
          -13.004069
        ],
        [
          -38.523332,
          -13.004237
        ],
        [
          -38.5233885,
          -13.0043715
        ],
        [
          -38.523469,
          -13.0045943
        ]
      ]
    },
    "properties" : {
      "@changesetId" : 133917772,
      "@osmId" : "way/972607531",
      "@osmType" : "way",
      "@validFrom" : "2025-11-17T00:00:00Z",
      "@validTo" : "2025-11-17T00:00:01Z",
      "@version" : 3,
      "highway" : "tertiary",
      "lanes" : "2",
      "name" : "Avenida Centenário",
      "oneway" : "yes"
    }
  }, {
    "type" : "Feature",
    "geometry" : {
      "type" : "LineString",
      "coordinates" : [
        [
          -38.5228867,
          -13.0047314
        ],
        [
          -38.5226262,
          -13.0049772
        ],
        [
          -38.5225135,
          -13.0050504
        ],
        [
          -38.522476,
          -13.0050438
        ],
        [
          -38.5223968,
          -13.0049236
        ]
      ]
    },
    "properties" : {
      "@changesetId" : 109736585,
      "@osmId" : "way/973469777",
      "@osmType" : "way",
      "@validFrom" : "2025-11-17T00:00:00Z",
      "@validTo" : "2025-11-17T00:00:01Z",
      "@version" : 1,
      "highway" : "service"
    }
  }, {
    "type" : "Feature",
    "geometry" : {
      "type" : "LineString",
      "coordinates" : [
        [
          -38.5215617,
          -13.0027076
        ],
        [
          -38.521627,
          -13.0027834
        ],
        [
          -38.5219998,
          -13.0032163
        ],
        [
          -38.5223331,
          -13.0036038
        ],
        [
          -38.52237,
          -13.0036574
        ],
        [
          -38.5224116,
          -13.0037241
        ],
        [
          -38.5224662,
          -13.0037946
        ]
      ]
    },
    "properties" : {
      "@changesetId" : 134920863,
      "@osmId" : "way/1072266456",
      "@osmType" : "way",
      "@validFrom" : "2025-11-17T00:00:00Z",
      "@validTo" : "2025-11-17T00:00:01Z",
      "@version" : 2,
      "bicycle" : "yes",
      "foot" : "designated",
      "highway" : "cycleway",
      "oneway" : "no",
      "surface" : "paved"
    }
  }, {
    "type" : "Feature",
    "geometry" : {
      "type" : "LineString",
      "coordinates" : [
        [
          -38.5226444,
          -13.003624
        ],
        [
          -38.5225571,
          -13.0035405
        ],
        [
          -38.5224599,
          -13.0034281
        ],
        [
          -38.5222989,
          -13.0032151
        ],
        [
          -38.522144,
          -13.0030354
        ],
        [
          -38.5220549,
          -13.0029466
        ],
        [
          -38.5219515,
          -13.002853
        ],
        [
          -38.5218591,
          -13.0027741
        ],
        [
          -38.5217755,
          -13.0026792
        ],
        [
          -38.5217296,
          -13.0026094
        ],
        [
          -38.5217069,
          -13.00258
        ]
      ]
    },
    "properties" : {
      "@changesetId" : 122706798,
      "@osmId" : "way/1072266458",
      "@osmType" : "way",
      "@validFrom" : "2025-11-17T00:00:00Z",
      "@validTo" : "2025-11-17T00:00:01Z",
      "@version" : 1,
      "bicycle" : "yes",
      "foot" : "designated",
      "highway" : "cycleway",
      "oneway" : "no",
      "surface" : "paved"
    }
  }, {
    "type" : "Feature",
    "geometry" : {
      "type" : "LineString",
      "coordinates" : [
        [
          -38.5221914,
          -13.0059656
        ],
        [
          -38.5218402,
          -13.0057551
        ]
      ]
    },
    "properties" : {
      "@changesetId" : 133888232,
      "@osmId" : "way/1072266471",
      "@osmType" : "way",
      "@validFrom" : "2025-11-17T00:00:00Z",
      "@validTo" : "2025-11-17T00:00:01Z",
      "@version" : 3,
      "highway" : "secondary",
      "lanes" : "2",
      "maxspeed" : "40",
      "name" : "Rua Professor Sabino Silva",
      "oneway" : "yes",
      "surface" : "asphalt"
    }
  }, {
    "type" : "Feature",
    "geometry" : {
      "type" : "LineString",
      "coordinates" : [
        [
          -38.523272,
          -13.004762
        ],
        [
          -38.5233647,
          -13.0047525
        ],
        [
          -38.5234004,
          -13.0047488
        ],
        [
          -38.5235141,
          -13.0047371
        ]
      ]
    },
    "properties" : {
      "@changesetId" : 141705993,
      "@osmId" : "way/1072672974",
      "@osmType" : "way",
      "@validFrom" : "2025-11-17T00:00:00Z",
      "@validTo" : "2025-11-17T00:00:01Z",
      "@version" : 2,
      "bicycle" : "designated",
      "cycleway" : "crossing",
      "foot" : "designated",
      "highway" : "cycleway"
    }
  }, {
    "type" : "Feature",
    "geometry" : {
      "type" : "LineString",
      "coordinates" : [
        [
          -38.5257294,
          -13.0067998
        ],
        [
          -38.5257183,
          -13.0068272
        ],
        [
          -38.5257111,
          -13.0068451
        ],
        [
          -38.5256977,
          -13.0068704
        ],
        [
          -38.5256781,
          -13.0069072
        ],
        [
          -38.5256293,
          -13.0069992
        ]
      ]
    },
    "properties" : {
      "@changesetId" : 156121849,
      "@osmId" : "way/1182156433",
      "@osmType" : "way",
      "@validFrom" : "2025-11-17T00:00:00Z",
      "@validTo" : "2025-11-17T00:00:01Z",
      "@version" : 5,
      "description" : "Shopping Barra",
      "highway" : "service",
      "maxspeed" : "20",
      "name" : "Rua Cardeal Enrico Dante",
      "surface" : "paved",
      "width" : "6"
    }
  }, {
    "type" : "Feature",
    "geometry" : {
      "type" : "LineString",
      "coordinates" : [
        [
          -38.5231112,
          -13.0048075
        ],
        [
          -38.5232045,
          -13.0047811
        ],
        [
          -38.523272,
          -13.004762
        ]
      ]
    },
    "properties" : {
      "@changesetId" : 141705993,
      "@osmId" : "way/1210649753",
      "@osmType" : "way",
      "@validFrom" : "2025-11-17T00:00:00Z",
      "@validTo" : "2025-11-17T00:00:01Z",
      "@version" : 1,
      "bicycle" : "designated",
      "cycleway" : "crossing",
      "foot" : "designated",
      "highway" : "cycleway"
    }
  }, {
    "type" : "Feature",
    "geometry" : {
      "type" : "LineString",
      "coordinates" : [
        [
          -38.5238286,
          -13.0053362
        ],
        [
          -38.523844,
          -13.0052526
        ]
      ]
    },
    "properties" : {
      "@changesetId" : 141748532,
      "@osmId" : "way/1210857457",
      "@osmType" : "way",
      "@validFrom" : "2025-11-17T00:00:00Z",
      "@validTo" : "2025-11-17T00:00:01Z",
      "@version" : 1,
      "highway" : "service"
    }
  }, {
    "type" : "Feature",
    "geometry" : {
      "type" : "LineString",
      "coordinates" : [
        [
          -38.5239288,
          -13.0053524
        ],
        [
          -38.5239444,
          -13.0052628
        ]
      ]
    },
    "properties" : {
      "@changesetId" : 141748532,
      "@osmId" : "way/1210857458",
      "@osmType" : "way",
      "@validFrom" : "2025-11-17T00:00:00Z",
      "@validTo" : "2025-11-17T00:00:01Z",
      "@version" : 1,
      "highway" : "service"
    }
  }, {
    "type" : "Feature",
    "geometry" : {
      "type" : "LineString",
      "coordinates" : [
        [
          -38.5242301,
          -13.0055989
        ],
        [
          -38.524232,
          -13.0054019
        ]
      ]
    },
    "properties" : {
      "@changesetId" : 141748574,
      "@osmId" : "way/1210857599",
      "@osmType" : "way",
      "@validFrom" : "2025-11-17T00:00:00Z",
      "@validTo" : "2025-11-17T00:00:01Z",
      "@version" : 1,
      "highway" : "footway"
    }
  }, {
    "type" : "Feature",
    "geometry" : {
      "type" : "LineString",
      "coordinates" : [
        [
          -38.5260043,
          -13.0068124
        ],
        [
          -38.5259285,
          -13.0067692
        ]
      ]
    },
    "properties" : {
      "@changesetId" : 141748834,
      "@osmId" : "way/1210859919",
      "@osmType" : "way",
      "@validFrom" : "2025-11-17T00:00:00Z",
      "@validTo" : "2025-11-17T00:00:01Z",
      "@version" : 1,
      "highway" : "footway"
    }
  }, {
    "type" : "Feature",
    "geometry" : {
      "type" : "LineString",
      "coordinates" : [
        [
          -38.5259962,
          -13.0070358
        ],
        [
          -38.5259313,
          -13.0071862
        ],
        [
          -38.5259003,
          -13.0072623
        ],
        [
          -38.5258569,
          -13.0073332
        ]
      ]
    },
    "properties" : {
      "@changesetId" : 141748834,
      "@osmId" : "way/1210859920",
      "@osmType" : "way",
      "@validFrom" : "2025-11-17T00:00:00Z",
      "@validTo" : "2025-11-17T00:00:01Z",
      "@version" : 1,
      "highway" : "footway"
    }
  }, {
    "type" : "Feature",
    "geometry" : {
      "type" : "LineString",
      "coordinates" : [
        [
          -38.5250573,
          -13.0056133
        ],
        [
          -38.5250699,
          -13.0055374
        ]
      ]
    },
    "properties" : {
      "@changesetId" : 164814652,
      "@osmId" : "way/1376723229",
      "@osmType" : "way",
      "@validFrom" : "2025-11-17T00:00:00Z",
      "@validTo" : "2025-11-17T00:00:01Z",
      "@version" : 2,
      "highway" : "residential"
    }
  }, {
    "type" : "Feature",
    "geometry" : {
      "type" : "Point",
      "coordinates" : [
        -38.5218693,
        -13.002606
      ]
    },
    "properties" : {
      "@changesetId" : 141705993,
      "@osmId" : "node/347634148",
      "@osmType" : "node",
      "@validFrom" : "2025-11-17T00:00:00Z",
      "@validTo" : "2025-11-17T00:00:01Z",
      "@version" : 15,
      "crossing" : "uncontrolled",
      "highway" : "crossing"
    }
  }, {
    "type" : "Feature",
    "geometry" : {
      "type" : "Point",
      "coordinates" : [
        -38.5223718,
        -13.0038709
      ]
    },
    "properties" : {
      "@changesetId" : 141705993,
      "@osmId" : "node/1492981519",
      "@osmType" : "node",
      "@validFrom" : "2025-11-17T00:00:00Z",
      "@validTo" : "2025-11-17T00:00:01Z",
      "@version" : 9,
      "crossing" : "traffic_signals",
      "highway" : "crossing"
    }
  }, {
    "type" : "Feature",
    "geometry" : {
      "type" : "Point",
      "coordinates" : [
        -38.5244052,
        -13.0084916
      ]
    },
    "properties" : {
      "@changesetId" : 85578220,
      "@osmId" : "node/1825714402",
      "@osmType" : "node",
      "@validFrom" : "2025-11-17T00:00:00Z",
      "@validTo" : "2025-11-17T00:00:01Z",
      "@version" : 6,
      "crossing" : "traffic_signals",
      "highway" : "crossing",
      "source" : "Bing"
    }
  }, {
    "type" : "Feature",
    "geometry" : {
      "type" : "Point",
      "coordinates" : [
        -38.5245481,
        -13.00962
      ]
    },
    "properties" : {
      "@changesetId" : 133808002,
      "@osmId" : "node/1825714411",
      "@osmType" : "node",
      "@validFrom" : "2025-11-17T00:00:00Z",
      "@validTo" : "2025-11-17T00:00:01Z",
      "@version" : 11,
      "button_operated" : "no",
      "crossing" : "traffic_signals",
      "crossing:island" : "no",
      "crossing_ref" : "zebra",
      "highway" : "crossing",
      "traffic_signals:sound" : "no",
      "traffic_signals:vibration" : "no"
    }
  }, {
    "type" : "Feature",
    "geometry" : {
      "type" : "Point",
      "coordinates" : [
        -38.523313,
        -13.0070464
      ]
    },
    "properties" : {
      "@changesetId" : 141629236,
      "@osmId" : "node/3939063532",
      "@osmType" : "node",
      "@validFrom" : "2025-11-17T00:00:00Z",
      "@validTo" : "2025-11-17T00:00:01Z",
      "@version" : 7,
      "crossing" : "uncontrolled",
      "highway" : "crossing"
    }
  }, {
    "type" : "Feature",
    "geometry" : {
      "type" : "Point",
      "coordinates" : [
        -38.5233546,
        -13.0079364
      ]
    },
    "properties" : {
      "@changesetId" : 156720959,
      "@osmId" : "node/3939063713",
      "@osmType" : "node",
      "@validFrom" : "2025-11-17T00:00:00Z",
      "@validTo" : "2025-11-17T00:00:01Z",
      "@version" : 6,
      "crossing" : "marked",
      "crossing:markings" : "yes",
      "highway" : "crossing"
    }
  }, {
    "type" : "Feature",
    "geometry" : {
      "type" : "Point",
      "coordinates" : [
        -38.5243488,
        -13.009613
      ]
    },
    "properties" : {
      "@changesetId" : 150662525,
      "@osmId" : "node/3990126390",
      "@osmType" : "node",
      "@validFrom" : "2025-11-17T00:00:00Z",
      "@validTo" : "2025-11-17T00:00:01Z",
      "@version" : 7,
      "crossing" : "marked",
      "crossing:markings" : "yes",
      "highway" : "crossing"
    }
  }, {
    "type" : "Feature",
    "geometry" : {
      "type" : "Point",
      "coordinates" : [
        -38.5226955,
        -13.0035807
      ]
    },
    "properties" : {
      "@changesetId" : 141705993,
      "@osmId" : "node/3990218863",
      "@osmType" : "node",
      "@validFrom" : "2025-11-17T00:00:00Z",
      "@validTo" : "2025-11-17T00:00:01Z",
      "@version" : 6,
      "crossing" : "marked",
      "crossing:markings" : "yes",
      "highway" : "crossing"
    }
  }, {
    "type" : "Feature",
    "geometry" : {
      "type" : "Point",
      "coordinates" : [
        -38.5253938,
        -13.0091963
      ]
    },
    "properties" : {
      "@changesetId" : 150662525,
      "@osmId" : "node/6616051037",
      "@osmType" : "node",
      "@validFrom" : "2025-11-17T00:00:00Z",
      "@validTo" : "2025-11-17T00:00:01Z",
      "@version" : 2,
      "crossing" : "marked",
      "crossing:markings" : "yes",
      "highway" : "crossing"
    }
  }, {
    "type" : "Feature",
    "geometry" : {
      "type" : "Point",
      "coordinates" : [
        -38.5249002,
        -13.0093565
      ]
    },
    "properties" : {
      "@changesetId" : 150662525,
      "@osmId" : "node/6616051038",
      "@osmType" : "node",
      "@validFrom" : "2025-11-17T00:00:00Z",
      "@validTo" : "2025-11-17T00:00:01Z",
      "@version" : 2,
      "crossing" : "marked",
      "crossing:markings" : "yes",
      "highway" : "crossing"
    }
  }, {
    "type" : "Feature",
    "geometry" : {
      "type" : "Point",
      "coordinates" : [
        -38.5232067,
        -13.0054988
      ]
    },
    "properties" : {
      "@changesetId" : 141705993,
      "@osmId" : "node/7258402842",
      "@osmType" : "node",
      "@validFrom" : "2025-11-17T00:00:00Z",
      "@validTo" : "2025-11-17T00:00:01Z",
      "@version" : 3,
      "crossing" : "marked",
      "crossing:markings" : "yes",
      "highway" : "crossing"
    }
  }, {
    "type" : "Feature",
    "geometry" : {
      "type" : "Point",
      "coordinates" : [
        -38.5242462,
        -13.0054042
      ]
    },
    "properties" : {
      "@changesetId" : 109579244,
      "@osmId" : "node/7258878508",
      "@osmType" : "node",
      "@validFrom" : "2025-11-17T00:00:00Z",
      "@validTo" : "2025-11-17T00:00:01Z",
      "@version" : 3,
      "crossing" : "uncontrolled",
      "highway" : "crossing"
    }
  }, {
    "type" : "Feature",
    "geometry" : {
      "type" : "Point",
      "coordinates" : [
        -38.5234063,
        -13.0055064
      ]
    },
    "properties" : {
      "@changesetId" : 141705993,
      "@osmId" : "node/7546562384",
      "@osmType" : "node",
      "@validFrom" : "2025-11-17T00:00:00Z",
      "@validTo" : "2025-11-17T00:00:01Z",
      "@version" : 2,
      "crossing" : "marked",
      "crossing:markings" : "yes",
      "highway" : "crossing"
    }
  }, {
    "type" : "Feature",
    "geometry" : {
      "type" : "Point",
      "coordinates" : [
        -38.5215197,
        -13.0028663
      ]
    },
    "properties" : {
      "@changesetId" : 141705993,
      "@osmId" : "node/7546588589",
      "@osmType" : "node",
      "@validFrom" : "2025-11-17T00:00:00Z",
      "@validTo" : "2025-11-17T00:00:01Z",
      "@version" : 3,
      "crossing" : "traffic_signals",
      "highway" : "crossing"
    }
  }, {
    "type" : "Feature",
    "geometry" : {
      "type" : "Point",
      "coordinates" : [
        -38.5231125,
        -13.0070827
      ]
    },
    "properties" : {
      "@changesetId" : 109480665,
      "@osmId" : "node/8996822971",
      "@osmType" : "node",
      "@validFrom" : "2025-11-17T00:00:00Z",
      "@validTo" : "2025-11-17T00:00:01Z",
      "@version" : 1,
      "crossing" : "uncontrolled",
      "highway" : "crossing"
    }
  }, {
    "type" : "Feature",
    "geometry" : {
      "type" : "Point",
      "coordinates" : [
        -38.5234004,
        -13.0047488
      ]
    },
    "properties" : {
      "@changesetId" : 141705993,
      "@osmId" : "node/11216915148",
      "@osmType" : "node",
      "@validFrom" : "2025-11-17T00:00:00Z",
      "@validTo" : "2025-11-17T00:00:01Z",
      "@version" : 1,
      "highway" : "crossing"
    }
  }]
}
